location,camera,direction,time,car_5min,motorbike_5min,bus_5min,truck_5min,total_vehicles_5min,hour,minute,time_slot,is_morning_peak,is_evening_peak,previous_5min_volume,rolling_15min_volume
AlankarChowk,a2,UP,2026-09-10 07:05:00,33,46,4,7,90,7,5,07:05-10,0,0,91,90.5
AlankarChowk,a2,UP,2026-09-10 07:10:00,30,42,4,14,90,7,10,07:10-15,0,0,90,90.33
AlankarChowk,a2,UP,2026-09-10 07:15:00,32,43,6,11,92,7,15,07:15-20,0,0,90,90.67
AlankarChowk,a2,UP,2026-09-10 07:20:00,27,48,7,11,93,7,20,07:20-25,0,0,92,91.67
AlankarChowk,a2,UP,2026-09-10 07:25:00,32,51,5,12,100,7,25,07:25-30,0,0,93,95.0
AlankarChowk,a2,UP,2026-09-10 07:30:00,29,45,8,15,97,7,30,07:30-35,0,0,100,96.67
AlankarChowk,a2,UP,2026-09-10 07:35:00,32,45,7,6,90,7,35,07:35-40,0,0,97,95.67
AlankarChowk,a2,UP,2026-09-10 07:40:00,25,36,6,8,75,7,40,07:40-45,0,0,90,87.33
AlankarChowk,a2,UP,2026-09-10 07:45:00,32,44,6,6,88,7,45,07:45-50,0,0,75,84.33
AlankarChowk,a2,UP,2026-09-10 07:50:00,29,43,4,15,91,7,50,07:50-55,0,0,88,84.67
AlankarChowk,a2,UP,2026-09-10 07:55:00,27,43,5,15,90,7,55,07:55-00,0,0,91,89.67
AlankarChowk,a2,UP,2026-09-10 08:00:00,44,69,8,20,141,8,0,08:00-05,1,0,90,107.33
AlankarChowk,a2,UP,2026-09-10 08:05:00,49,74,10,7,140,8,5,08:05-10,1,0,141,123.67
AlankarChowk,a2,UP,2026-09-10 08:10:00,51,73,13,19,156,8,10,08:10-15,1,0,140,145.67
AlankarChowk,a2,UP,2026-09-10 08:15:00,55,82,12,13,162,8,15,08:15-20,1,0,156,152.67
AlankarChowk,a2,UP,2026-09-10 08:20:00,47,75,9,26,157,8,20,08:20-25,1,0,162,158.33
AlankarChowk,a2,UP,2026-09-10 08:25:00,42,64,11,16,133,8,25,08:25-30,1,0,157,150.67
AlankarChowk,a2,UP,2026-09-10 08:30:00,51,78,13,12,154,8,30,08:30-35,1,0,133,148.0
AlankarChowk,a2,UP,2026-09-10 08:35:00,45,70,8,18,141,8,35,08:35-40,1,0,154,142.67
AlankarChowk,a2,UP,2026-09-10 08:40:00,52,70,9,9,140,8,40,08:40-45,1,0,141,145.0
AlankarChowk,a2,UP,2026-09-10 08:45:00,55,69,10,11,145,8,45,08:45-50,1,0,140,142.0
AlankarChowk,a2,UP,2026-09-10 08:50:00,52,70,12,16,150,8,50,08:50-55,1,0,145,145.0
AlankarChowk,a2,UP,2026-09-10 08:55:00,45,73,9,22,149,8,55,08:55-00,1,0,150,148.0
AlankarChowk,a2,UP,2026-09-10 09:00:00,59,86,8,7,160,9,0,09:00-05,1,0,149,153.0
AlankarChowk,a2,UP,2026-09-10 09:05:00,52,76,10,9,147,9,5,09:05-10,1,0,160,152.0
AlankarChowk,a2,UP,2026-09-10 09:10:00,48,68,9,21,146,9,10,09:10-15,1,0,147,151.0
AlankarChowk,a2,UP,2026-09-10 09:15:00,59,86,9,8,162,9,15,09:15-20,1,0,146,151.67
AlankarChowk,a2,UP,2026-09-10 09:20:00,52,75,8,6,141,9,20,09:20-25,1,0,162,149.67
AlankarChowk,a2,UP,2026-09-10 09:25:00,51,75,8,14,148,9,25,09:25-30,1,0,141,150.33
AlankarChowk,a2,UP,2026-09-10 09:30:00,51,77,7,14,149,9,30,09:30-35,1,0,148,146.0
AlankarChowk,a2,UP,2026-09-10 09:35:00,40,65,11,19,135,9,35,09:35-40,1,0,149,144.0
AlankarChowk,a2,UP,2026-09-10 09:40:00,49,78,13,22,162,9,40,09:40-45,1,0,135,148.67
AlankarChowk,a2,UP,2026-09-10 09:45:00,41,71,9,13,134,9,45,09:45-50,1,0,162,143.67
AlankarChowk,a2,UP,2026-09-10 09:50:00,50,84,11,18,163,9,50,09:50-55,1,0,134,153.0
AlankarChowk,a2,UP,2026-09-10 09:55:00,49,78,13,15,155,9,55,09:55-00,1,0,163,150.67
AlankarChowk,a2,UP,2026-09-10 10:00:00,50,70,8,13,141,10,0,10:00-05,1,0,155,153.0
AlankarChowk,a2,UP,2026-09-10 10:05:00,57,73,11,10,151,10,5,10:05-10,1,0,141,149.0
AlankarChowk,a2,DOWN,2026-09-10 07:05:00,29,47,5,13,94,7,5,07:05-10,0,0,84,89.0
AlankarChowk,a2,DOWN,2026-09-10 07:10:00,37,47,8,8,100,7,10,07:10-15,0,0,94,92.67
AlankarChowk,a2,DOWN,2026-09-10 07:15:00,30,44,7,14,95,7,15,07:15-20,0,0,100,96.33
AlankarChowk,a2,DOWN,2026-09-10 07:20:00,31,49,6,6,92,7,20,07:20-25,0,0,95,95.67
AlankarChowk,a2,DOWN,2026-09-10 07:25:00,34,49,5,7,95,7,25,07:25-30,0,0,92,94.0
AlankarChowk,a2,DOWN,2026-09-10 07:30:00,32,47,7,11,97,7,30,07:30-35,0,0,95,94.67
AlankarChowk,a2,DOWN,2026-09-10 07:35:00,35,48,5,7,95,7,35,07:35-40,0,0,97,95.67
AlankarChowk,a2,DOWN,2026-09-10 07:40:00,27,46,5,9,87,7,40,07:40-45,0,0,95,93.0
AlankarChowk,a2,DOWN,2026-09-10 07:45:00,31,47,5,12,95,7,45,07:45-50,0,0,87,92.33
AlankarChowk,a2,DOWN,2026-09-10 07:50:00,33,45,6,8,92,7,50,07:50-55,0,0,95,91.33
AlankarChowk,a2,DOWN,2026-09-10 07:55:00,40,49,8,9,106,7,55,07:55-00,0,0,92,97.67
AlankarChowk,a2,DOWN,2026-09-10 08:00:00,53,90,11,17,171,8,0,08:00-05,1,0,106,123.0
AlankarChowk,a2,DOWN,2026-09-10 08:05:00,47,68,7,21,143,8,5,08:05-10,1,0,171,140.0
AlankarChowk,a2,DOWN,2026-09-10 08:10:00,45,60,8,13,126,8,10,08:10-15,1,0,143,146.67
AlankarChowk,a2,DOWN,2026-09-10 08:15:00,63,82,15,8,168,8,15,08:15-20,1,0,126,145.67
AlankarChowk,a2,DOWN,2026-09-10 08:20:00,42,62,11,17,132,8,20,08:20-25,1,0,168,142.0
AlankarChowk,a2,DOWN,2026-09-10 08:25:00,48,71,11,12,142,8,25,08:25-30,1,0,132,147.33
AlankarChowk,a2,DOWN,2026-09-10 08:30:00,58,80,9,13,160,8,30,08:30-35,1,0,142,144.67
AlankarChowk,a2,DOWN,2026-09-10 08:35:00,46,81,8,17,152,8,35,08:35-40,1,0,160,151.33
AlankarChowk,a2,DOWN,2026-09-10 08:40:00,41,64,11,19,135,8,40,08:40-45,1,0,152,149.0
AlankarChowk,a2,DOWN,2026-09-10 08:45:00,48,66,10,15,139,8,45,08:45-50,1,0,135,142.0
AlankarChowk,a2,DOWN,2026-09-10 08:50:00,50,68,7,11,136,8,50,08:50-55,1,0,139,136.67
AlankarChowk,a2,DOWN,2026-09-10 08:55:00,49,79,10,16,154,8,55,08:55-00,1,0,136,143.0
AlankarChowk,a2,DOWN,2026-09-10 09:00:00,51,69,7,16,143,9,0,09:00-05,1,0,154,144.33
AlankarChowk,a2,DOWN,2026-09-10 09:05:00,53,69,12,6,140,9,5,09:05-10,1,0,143,145.67
AlankarChowk,a2,DOWN,2026-09-10 09:10:00,57,74,13,10,154,9,10,09:10-15,1,0,140,145.67
AlankarChowk,a2,DOWN,2026-09-10 09:15:00,49,80,8,14,151,9,15,09:15-20,1,0,154,148.33
AlankarChowk,a2,DOWN,2026-09-10 09:20:00,59,79,11,7,156,9,20,09:20-25,1,0,151,153.67
AlankarChowk,a2,DOWN,2026-09-10 09:25:00,48,61,8,17,134,9,25,09:25-30,1,0,156,147.0
AlankarChowk,a2,DOWN,2026-09-10 09:30:00,41,63,7,24,135,9,30,09:30-35,1,0,134,141.67
AlankarChowk,a2,DOWN,2026-09-10 09:35:00,40,64,9,14,127,9,35,09:35-40,1,0,135,132.0
AlankarChowk,a2,DOWN,2026-09-10 09:40:00,46,74,10,16,146,9,40,09:40-45,1,0,127,136.0
AlankarChowk,a2,DOWN,2026-09-10 09:45:00,51,75,7,8,141,9,45,09:45-50,1,0,146,138.0
AlankarChowk,a2,DOWN,2026-09-10 09:50:00,50,64,10,16,140,9,50,09:50-55,1,0,141,142.33
AlankarChowk,a2,DOWN,2026-09-10 09:55:00,54,72,10,15,151,9,55,09:55-00,1,0,140,144.0
AlankarChowk,a2,DOWN,2026-09-10 10:00:00,54,68,12,12,146,10,0,10:00-05,1,0,151,145.67
AlankarChowk,a2,DOWN,2026-09-10 10:05:00,54,74,10,10,148,10,5,10:05-10,1,0,146,148.33
AlankarChowk,a2,LEFT,2026-09-10 07:05:00,25,35,3,5,68,7,5,07:05-10,0,0,67,67.5
AlankarChowk,a2,LEFT,2026-09-10 07:10:00,24,34,4,4,66,7,10,07:10-15,0,0,68,67.0
AlankarChowk,a2,LEFT,2026-09-10 07:15:00,21,34,5,8,68,7,15,07:15-20,0,0,66,67.33
AlankarChowk,a2,LEFT,2026-09-10 07:20:00,27,38,3,6,74,7,20,07:20-25,0,0,68,69.33
AlankarChowk,a2,LEFT,2026-09-10 07:25:00,18,29,4,5,56,7,25,07:25-30,0,0,74,66.0
AlankarChowk,a2,LEFT,2026-09-10 07:30:00,22,36,5,6,69,7,30,07:30-35,0,0,56,66.33
AlankarChowk,a2,LEFT,2026-09-10 07:35:00,21,26,4,6,57,7,35,07:35-40,0,0,69,60.67
AlankarChowk,a2,LEFT,2026-09-10 07:40:00,21,33,5,8,67,7,40,07:40-45,0,0,57,64.33
AlankarChowk,a2,LEFT,2026-09-10 07:45:00,22,35,4,13,74,7,45,07:45-50,0,0,67,66.0
AlankarChowk,a2,LEFT,2026-09-10 07:50:00,19,33,4,6,62,7,50,07:50-55,0,0,74,67.67
AlankarChowk,a2,LEFT,2026-09-10 07:55:00,28,36,5,5,74,7,55,07:55-00,0,0,62,70.0
AlankarChowk,a2,LEFT,2026-09-10 08:00:00,34,59,9,8,110,8,0,08:00-05,1,0,74,82.0
AlankarChowk,a2,LEFT,2026-09-10 08:05:00,32,50,7,16,105,8,5,08:05-10,1,0,110,96.33
AlankarChowk,a2,LEFT,2026-09-10 08:10:00,35,53,6,11,105,8,10,08:10-15,1,0,105,106.67
AlankarChowk,a2,LEFT,2026-09-10 08:15:00,32,50,7,11,100,8,15,08:15-20,1,0,105,103.33
AlankarChowk,a2,LEFT,2026-09-10 08:20:00,43,61,9,10,123,8,20,08:20-25,1,0,100,109.33
AlankarChowk,a2,LEFT,2026-09-10 08:25:00,34,54,5,13,106,8,25,08:25-30,1,0,123,109.67
AlankarChowk,a2,LEFT,2026-09-10 08:30:00,37,49,8,9,103,8,30,08:30-35,1,0,106,110.67
AlankarChowk,a2,LEFT,2026-09-10 08:35:00,32,48,6,15,101,8,35,08:35-40,1,0,103,103.33
AlankarChowk,a2,LEFT,2026-09-10 08:40:00,33,47,8,13,101,8,40,08:40-45,1,0,101,101.67
AlankarChowk,a2,LEFT,2026-09-10 08:45:00,40,56,8,6,110,8,45,08:45-50,1,0,101,104.0
AlankarChowk,a2,LEFT,2026-09-10 08:50:00,33,47,6,17,103,8,50,08:50-55,1,0,110,104.67
AlankarChowk,a2,LEFT,2026-09-10 08:55:00,40,58,7,10,115,8,55,08:55-00,1,0,103,109.33
AlankarChowk,a2,LEFT,2026-09-10 09:00:00,37,50,8,6,101,9,0,09:00-05,1,0,115,106.33
AlankarChowk,a2,LEFT,2026-09-10 09:05:00,33,51,7,17,108,9,5,09:05-10,1,0,101,108.0
AlankarChowk,a2,LEFT,2026-09-10 09:10:00,36,53,7,6,102,9,10,09:10-15,1,0,108,103.67
AlankarChowk,a2,LEFT,2026-09-10 09:15:00,31,48,5,17,101,9,15,09:15-20,1,0,102,103.67
AlankarChowk,a2,LEFT,2026-09-10 09:20:00,32,56,7,12,107,9,20,09:20-25,1,0,101,103.33
AlankarChowk,a2,LEFT,2026-09-10 09:25:00,36,58,8,13,115,9,25,09:25-30,1,0,107,107.67
AlankarChowk,a2,LEFT,2026-09-10 09:30:00,30,51,8,12,101,9,30,09:30-35,1,0,115,107.67
AlankarChowk,a2,LEFT,2026-09-10 09:35:00,32,55,7,12,106,9,35,09:35-40,1,0,101,107.33
AlankarChowk,a2,LEFT,2026-09-10 09:40:00,34,57,6,18,115,9,40,09:40-45,1,0,106,107.33
AlankarChowk,a2,LEFT,2026-09-10 09:45:00,41,64,10,8,123,9,45,09:45-50,1,0,115,114.67
AlankarChowk,a2,LEFT,2026-09-10 09:50:00,35,48,8,4,95,9,50,09:50-55,1,0,123,111.0
AlankarChowk,a2,LEFT,2026-09-10 09:55:00,31,44,6,6,87,9,55,09:55-00,1,0,95,101.67
AlankarChowk,a2,LEFT,2026-09-10 10:00:00,39,59,7,6,111,10,0,10:00-05,1,0,87,97.67
AlankarChowk,a2,LEFT,2026-09-10 10:05:00,31,47,7,13,98,10,5,10:05-10,1,0,111,98.67
AlankarChowk,a2,RIGHT,2026-09-10 07:05:00,19,28,3,10,60,7,5,07:05-10,0,0,66,63.0
AlankarChowk,a2,RIGHT,2026-09-10 07:10:00,22,30,4,7,63,7,10,07:10-15,0,0,60,63.0
AlankarChowk,a2,RIGHT,2026-09-10 07:15:00,21,30,4,10,65,7,15,07:15-20,0,0,63,62.67
AlankarChowk,a2,RIGHT,2026-09-10 07:20:00,23,31,4,5,63,7,20,07:20-25,0,0,65,63.67
AlankarChowk,a2,RIGHT,2026-09-10 07:25:00,24,34,5,4,67,7,25,07:25-30,0,0,63,65.0
AlankarChowk,a2,RIGHT,2026-09-10 07:30:00,23,32,5,6,66,7,30,07:30-35,0,0,67,65.33
AlankarChowk,a2,RIGHT,2026-09-10 07:35:00,22,35,5,4,66,7,35,07:35-40,0,0,66,66.33
AlankarChowk,a2,RIGHT,2026-09-10 07:40:00,19,28,4,9,60,7,40,07:40-45,0,0,66,64.0
AlankarChowk,a2,RIGHT,2026-09-10 07:45:00,20,29,4,11,64,7,45,07:45-50,0,0,60,63.33
AlankarChowk,a2,RIGHT,2026-09-10 07:50:00,19,31,4,10,64,7,50,07:50-55,0,0,64,62.67
AlankarChowk,a2,RIGHT,2026-09-10 07:55:00,22,30,4,11,67,7,55,07:55-00,0,0,64,65.0
AlankarChowk,a2,RIGHT,2026-09-10 08:00:00,39,55,6,17,117,8,0,08:00-05,1,0,67,82.67
AlankarChowk,a2,RIGHT,2026-09-10 08:05:00,34,52,6,16,108,8,5,08:05-10,1,0,117,97.33
AlankarChowk,a2,RIGHT,2026-09-10 08:10:00,39,55,6,7,107,8,10,08:10-15,1,0,108,110.67
AlankarChowk,a2,RIGHT,2026-09-10 08:15:00,29,46,7,17,99,8,15,08:15-20,1,0,107,104.67
AlankarChowk,a2,RIGHT,2026-09-10 08:20:00,40,57,8,8,113,8,20,08:20-25,1,0,99,106.33
AlankarChowk,a2,RIGHT,2026-09-10 08:25:00,39,55,6,6,106,8,25,08:25-30,1,0,113,106.0
AlankarChowk,a2,RIGHT,2026-09-10 08:30:00,39,52,8,12,111,8,30,08:30-35,1,0,106,110.0
AlankarChowk,a2,RIGHT,2026-09-10 08:35:00,38,51,8,10,107,8,35,08:35-40,1,0,111,108.0
AlankarChowk,a2,RIGHT,2026-09-10 08:40:00,34,57,9,11,111,8,40,08:40-45,1,0,107,109.67
AlankarChowk,a2,RIGHT,2026-09-10 08:45:00,35,61,5,14,115,8,45,08:45-50,1,0,111,111.0
AlankarChowk,a2,RIGHT,2026-09-10 08:50:00,33,54,8,7,102,8,50,08:50-55,1,0,115,109.33
AlankarChowk,a2,RIGHT,2026-09-10 08:55:00,41,54,8,14,117,8,55,08:55-00,1,0,102,111.33
AlankarChowk,a2,RIGHT,2026-09-10 09:00:00,40,61,6,10,117,9,0,09:00-05,1,0,117,112.0
AlankarChowk,a2,RIGHT,2026-09-10 09:05:00,41,61,7,5,114,9,5,09:05-10,1,0,117,116.0
AlankarChowk,a2,RIGHT,2026-09-10 09:10:00,32,50,8,10,100,9,10,09:10-15,1,0,114,110.33
AlankarChowk,a2,RIGHT,2026-09-10 09:15:00,33,57,9,10,109,9,15,09:15-20,1,0,100,107.67
AlankarChowk,a2,RIGHT,2026-09-10 09:20:00,32,50,7,8,97,9,20,09:20-25,1,0,109,102.0
AlankarChowk,a2,RIGHT,2026-09-10 09:25:00,30,51,7,8,96,9,25,09:25-30,1,0,97,100.67
AlankarChowk,a2,RIGHT,2026-09-10 09:30:00,35,48,5,10,98,9,30,09:30-35,1,0,96,97.0
AlankarChowk,a2,RIGHT,2026-09-10 09:35:00,38,54,5,7,104,9,35,09:35-40,1,0,98,99.33
AlankarChowk,a2,RIGHT,2026-09-10 09:40:00,38,54,7,11,110,9,40,09:40-45,1,0,104,104.0
AlankarChowk,a2,RIGHT,2026-09-10 09:45:00,37,47,5,14,103,9,45,09:45-50,1,0,110,105.67
AlankarChowk,a2,RIGHT,2026-09-10 09:50:00,40,53,8,8,109,9,50,09:50-55,1,0,103,107.33
AlankarChowk,a2,RIGHT,2026-09-10 09:55:00,35,57,10,17,119,9,55,09:55-00,1,0,109,110.33
AlankarChowk,a2,RIGHT,2026-09-10 10:00:00,42,58,9,8,117,10,0,10:00-05,1,0,119,115.0
AlankarChowk,a2,RIGHT,2026-09-10 10:05:00,37,57,9,9,112,10,5,10:05-10,1,0,117,116.0
AlankarChowk,a3,UP,2026-09-10 07:05:00,32,46,6,10,94,7,5,07:05-10,0,0,95,94.5
AlankarChowk,a3,UP,2026-09-10 07:10:00,29,46,5,11,91,7,10,07:10-15,0,0,94,93.33
AlankarChowk,a3,UP,2026-09-10 07:15:00,27,40,4,15,86,7,15,07:15-20,0,0,91,90.33
AlankarChowk,a3,UP,2026-09-10 07:20:00,25,38,5,13,81,7,20,07:20-25,0,0,86,86.0
AlankarChowk,a3,UP,2026-09-10 07:25:00,33,46,6,4,89,7,25,07:25-30,0,0,81,85.33
AlankarChowk,a3,UP,2026-09-10 07:30:00,28,43,5,15,91,7,30,07:30-35,0,0,89,87.0
AlankarChowk,a3,UP,2026-09-10 07:35:00,32,43,5,14,94,7,35,07:35-40,0,0,91,91.33
AlankarChowk,a3,UP,2026-09-10 07:40:00,31,51,8,10,100,7,40,07:40-45,0,0,94,95.0
AlankarChowk,a3,UP,2026-09-10 07:45:00,33,44,6,7,90,7,45,07:45-50,0,0,100,94.67
AlankarChowk,a3,UP,2026-09-10 07:50:00,25,40,7,13,85,7,50,07:50-55,0,0,90,91.67
AlankarChowk,a3,UP,2026-09-10 07:55:00,34,46,6,7,93,7,55,07:55-00,0,0,85,89.33
AlankarChowk,a3,UP,2026-09-10 08:00:00,50,74,11,26,161,8,0,08:00-05,1,0,93,113.0
AlankarChowk,a3,UP,2026-09-10 08:05:00,58,74,8,14,154,8,5,08:05-10,1,0,161,136.0
AlankarChowk,a3,UP,2026-09-10 08:10:00,47,77,10,15,149,8,10,08:10-15,1,0,154,154.67
AlankarChowk,a3,UP,2026-09-10 08:15:00,44,65,11,13,133,8,15,08:15-20,1,0,149,145.33
AlankarChowk,a3,UP,2026-09-10 08:20:00,54,79,12,11,156,8,20,08:20-25,1,0,133,146.0
AlankarChowk,a3,UP,2026-09-10 08:25:00,46,78,8,15,147,8,25,08:25-30,1,0,156,145.33
AlankarChowk,a3,UP,2026-09-10 08:30:00,44,68,7,25,144,8,30,08:30-35,1,0,147,149.0
AlankarChowk,a3,UP,2026-09-10 08:35:00,49,70,8,15,142,8,35,08:35-40,1,0,144,144.33
AlankarChowk,a3,UP,2026-09-10 08:40:00,50,76,11,12,149,8,40,08:40-45,1,0,142,145.0
AlankarChowk,a3,UP,2026-09-10 08:45:00,59,87,12,6,164,8,45,08:45-50,1,0,149,151.67
AlankarChowk,a3,UP,2026-09-10 08:50:00,46,66,10,13,135,8,50,08:50-55,1,0,164,149.33
AlankarChowk,a3,UP,2026-09-10 08:55:00,46,67,6,8,127,8,55,08:55-00,1,0,135,142.0
AlankarChowk,a3,UP,2026-09-10 09:00:00,52,79,9,12,152,9,0,09:00-05,1,0,127,138.0
AlankarChowk,a3,UP,2026-09-10 09:05:00,55,72,12,16,155,9,5,09:05-10,1,0,152,144.67
AlankarChowk,a3,UP,2026-09-10 09:10:00,48,79,8,24,159,9,10,09:10-15,1,0,155,155.33
AlankarChowk,a3,UP,2026-09-10 09:15:00,46,70,8,19,143,9,15,09:15-20,1,0,159,152.33
AlankarChowk,a3,UP,2026-09-10 09:20:00,58,89,14,9,170,9,20,09:20-25,1,0,143,157.33
AlankarChowk,a3,UP,2026-09-10 09:25:00,57,87,9,9,162,9,25,09:25-30,1,0,170,158.33
AlankarChowk,a3,UP,2026-09-10 09:30:00,57,81,14,12,164,9,30,09:30-35,1,0,162,165.33
AlankarChowk,a3,UP,2026-09-10 09:35:00,52,72,11,17,152,9,35,09:35-40,1,0,164,159.33
AlankarChowk,a3,UP,2026-09-10 09:40:00,46,69,10,18,143,9,40,09:40-45,1,0,152,153.0
AlankarChowk,a3,UP,2026-09-10 09:45:00,48,78,11,11,148,9,45,09:45-50,1,0,143,147.67
AlankarChowk,a3,UP,2026-09-10 09:50:00,48,74,9,11,142,9,50,09:50-55,1,0,148,144.33
AlankarChowk,a3,UP,2026-09-10 09:55:00,56,83,15,18,172,9,55,09:55-00,1,0,142,154.0
AlankarChowk,a3,UP,2026-09-10 10:00:00,48,73,9,7,137,10,0,10:00-05,1,0,172,150.33
AlankarChowk,a3,UP,2026-09-10 10:05:00,48,76,9,22,155,10,5,10:05-10,1,0,137,154.67
AlankarChowk,a3,DOWN,2026-09-10 07:05:00,27,44,6,6,83,7,5,07:05-10,0,0,92,87.5
AlankarChowk,a3,DOWN,2026-09-10 07:10:00,33,52,5,14,104,7,10,07:10-15,0,0,83,93.0
AlankarChowk,a3,DOWN,2026-09-10 07:15:00,35,52,5,12,104,7,15,07:15-20,0,0,104,97.0
AlankarChowk,a3,DOWN,2026-09-10 07:20:00,32,52,8,14,106,7,20,07:20-25,0,0,104,104.67
AlankarChowk,a3,DOWN,2026-09-10 07:25:00,32,45,6,8,91,7,25,07:25-30,0,0,106,100.33
AlankarChowk,a3,DOWN,2026-09-10 07:30:00,28,48,6,8,90,7,30,07:30-35,0,0,91,95.67
AlankarChowk,a3,DOWN,2026-09-10 07:35:00,38,51,7,8,104,7,35,07:35-40,0,0,90,95.0
AlankarChowk,a3,DOWN,2026-09-10 07:40:00,36,48,6,11,101,7,40,07:40-45,0,0,104,98.33
AlankarChowk,a3,DOWN,2026-09-10 07:45:00,28,44,6,5,83,7,45,07:45-50,0,0,101,96.0
AlankarChowk,a3,DOWN,2026-09-10 07:50:00,34,45,6,5,90,7,50,07:50-55,0,0,83,91.33
AlankarChowk,a3,DOWN,2026-09-10 07:55:00,33,45,6,13,97,7,55,07:55-00,0,0,90,90.0
AlankarChowk,a3,DOWN,2026-09-10 08:00:00,43,67,7,18,135,8,0,08:00-05,1,0,97,107.33
AlankarChowk,a3,DOWN,2026-09-10 08:05:00,49,73,8,13,143,8,5,08:05-10,1,0,135,125.0
AlankarChowk,a3,DOWN,2026-09-10 08:10:00,52,76,12,8,148,8,10,08:10-15,1,0,143,142.0
AlankarChowk,a3,DOWN,2026-09-10 08:15:00,51,71,12,11,145,8,15,08:15-20,1,0,148,145.33
AlankarChowk,a3,DOWN,2026-09-10 08:20:00,54,74,11,21,160,8,20,08:20-25,1,0,145,151.0
AlankarChowk,a3,DOWN,2026-09-10 08:25:00,54,77,9,6,146,8,25,08:25-30,1,0,160,150.33
AlankarChowk,a3,DOWN,2026-09-10 08:30:00,45,70,10,11,136,8,30,08:30-35,1,0,146,147.33
AlankarChowk,a3,DOWN,2026-09-10 08:35:00,49,68,12,17,146,8,35,08:35-40,1,0,136,142.67
AlankarChowk,a3,DOWN,2026-09-10 08:40:00,51,71,11,6,139,8,40,08:40-45,1,0,146,140.33
AlankarChowk,a3,DOWN,2026-09-10 08:45:00,53,85,10,13,161,8,45,08:45-50,1,0,139,148.67
AlankarChowk,a3,DOWN,2026-09-10 08:50:00,43,76,7,18,144,8,50,08:50-55,1,0,161,148.0
AlankarChowk,a3,DOWN,2026-09-10 08:55:00,48,66,11,5,130,8,55,08:55-00,1,0,144,145.0
AlankarChowk,a3,DOWN,2026-09-10 09:00:00,51,68,12,16,147,9,0,09:00-05,1,0,130,140.33
AlankarChowk,a3,DOWN,2026-09-10 09:05:00,48,67,11,11,137,9,5,09:05-10,1,0,147,138.0
AlankarChowk,a3,DOWN,2026-09-10 09:10:00,54,79,9,23,165,9,10,09:10-15,1,0,137,149.67
AlankarChowk,a3,DOWN,2026-09-10 09:15:00,52,76,12,13,153,9,15,09:15-20,1,0,165,151.67
AlankarChowk,a3,DOWN,2026-09-10 09:20:00,52,79,8,11,150,9,20,09:20-25,1,0,153,156.0
AlankarChowk,a3,DOWN,2026-09-10 09:25:00,47,80,10,14,151,9,25,09:25-30,1,0,150,151.33
AlankarChowk,a3,DOWN,2026-09-10 09:30:00,53,67,12,15,147,9,30,09:30-35,1,0,151,149.33
AlankarChowk,a3,DOWN,2026-09-10 09:35:00,48,80,10,18,156,9,35,09:35-40,1,0,147,151.33
AlankarChowk,a3,DOWN,2026-09-10 09:40:00,46,71,8,15,140,9,40,09:40-45,1,0,156,147.67
AlankarChowk,a3,DOWN,2026-09-10 09:45:00,50,83,10,16,159,9,45,09:45-50,1,0,140,151.67
AlankarChowk,a3,DOWN,2026-09-10 09:50:00,48,70,12,10,140,9,50,09:50-55,1,0,159,146.33
AlankarChowk,a3,DOWN,2026-09-10 09:55:00,55,71,11,11,148,9,55,09:55-00,1,0,140,149.0
AlankarChowk,a3,DOWN,2026-09-10 10:00:00,52,75,7,12,146,10,0,10:00-05,1,0,148,144.67
AlankarChowk,a3,DOWN,2026-09-10 10:05:00,54,81,13,13,161,10,5,10:05-10,1,0,146,151.67
AlankarChowk,a3,LEFT,2026-09-10 07:05:00,26,37,5,6,74,7,5,07:05-10,0,0,64,69.0
AlankarChowk,a3,LEFT,2026-09-10 07:10:00,22,31,4,4,61,7,10,07:10-15,0,0,74,66.33
AlankarChowk,a3,LEFT,2026-09-10 07:15:00,19,28,4,7,58,7,15,07:15-20,0,0,61,64.33
AlankarChowk,a3,LEFT,2026-09-10 07:20:00,23,31,3,9,66,7,20,07:20-25,0,0,58,61.67
AlankarChowk,a3,LEFT,2026-09-10 07:25:00,21,30,5,8,64,7,25,07:25-30,0,0,66,62.67
AlankarChowk,a3,LEFT,2026-09-10 07:30:00,17,29,4,6,56,7,30,07:30-35,0,0,64,62.0
AlankarChowk,a3,LEFT,2026-09-10 07:35:00,23,31,5,5,64,7,35,07:35-40,0,0,56,61.33
AlankarChowk,a3,LEFT,2026-09-10 07:40:00,20,34,5,6,65,7,40,07:40-45,0,0,64,61.67
AlankarChowk,a3,LEFT,2026-09-10 07:45:00,24,35,6,3,68,7,45,07:45-50,0,0,65,65.67
AlankarChowk,a3,LEFT,2026-09-10 07:50:00,26,36,3,9,74,7,50,07:50-55,0,0,68,69.0
AlankarChowk,a3,LEFT,2026-09-10 07:55:00,21,32,4,7,64,7,55,07:55-00,0,0,74,68.67
AlankarChowk,a3,LEFT,2026-09-10 08:00:00,38,53,5,6,102,8,0,08:00-05,1,0,64,80.0
AlankarChowk,a3,LEFT,2026-09-10 08:05:00,29,46,8,15,98,8,5,08:05-10,1,0,102,88.0
AlankarChowk,a3,LEFT,2026-09-10 08:10:00,27,43,7,14,91,8,10,08:10-15,1,0,98,97.0
AlankarChowk,a3,LEFT,2026-09-10 08:15:00,32,53,6,9,100,8,15,08:15-20,1,0,91,96.33
AlankarChowk,a3,LEFT,2026-09-10 08:20:00,40,57,6,15,118,8,20,08:20-25,1,0,100,103.0
AlankarChowk,a3,LEFT,2026-09-10 08:25:00,37,63,8,12,120,8,25,08:25-30,1,0,118,112.67
AlankarChowk,a3,LEFT,2026-09-10 08:30:00,33,53,7,7,100,8,30,08:30-35,1,0,120,112.67
AlankarChowk,a3,LEFT,2026-09-10 08:35:00,31,44,5,15,95,8,35,08:35-40,1,0,100,105.0
AlankarChowk,a3,LEFT,2026-09-10 08:40:00,29,53,6,11,99,8,40,08:40-45,1,0,95,98.0
AlankarChowk,a3,LEFT,2026-09-10 08:45:00,40,53,9,5,107,8,45,08:45-50,1,0,99,100.33
AlankarChowk,a3,LEFT,2026-09-10 08:50:00,43,58,7,8,116,8,50,08:50-55,1,0,107,107.33
AlankarChowk,a3,LEFT,2026-09-10 08:55:00,35,55,6,17,113,8,55,08:55-00,1,0,116,112.0
AlankarChowk,a3,LEFT,2026-09-10 09:00:00,38,56,8,9,111,9,0,09:00-05,1,0,113,113.33
AlankarChowk,a3,LEFT,2026-09-10 09:05:00,36,46,5,13,100,9,5,09:05-10,1,0,111,108.0
AlankarChowk,a3,LEFT,2026-09-10 09:10:00,40,52,6,15,113,9,10,09:10-15,1,0,100,108.0
AlankarChowk,a3,LEFT,2026-09-10 09:15:00,41,53,7,12,113,9,15,09:15-20,1,0,113,108.67
AlankarChowk,a3,LEFT,2026-09-10 09:20:00,42,53,6,15,116,9,20,09:20-25,1,0,113,114.0
AlankarChowk,a3,LEFT,2026-09-10 09:25:00,38,55,6,20,119,9,25,09:25-30,1,0,116,116.0
AlankarChowk,a3,LEFT,2026-09-10 09:30:00,38,48,6,13,105,9,30,09:30-35,1,0,119,113.33
AlankarChowk,a3,LEFT,2026-09-10 09:35:00,32,51,5,17,105,9,35,09:35-40,1,0,105,109.67
AlankarChowk,a3,LEFT,2026-09-10 09:40:00,35,55,8,8,106,9,40,09:40-45,1,0,105,105.33
AlankarChowk,a3,LEFT,2026-09-10 09:45:00,29,48,6,14,97,9,45,09:45-50,1,0,106,102.67
AlankarChowk,a3,LEFT,2026-09-10 09:50:00,39,56,7,6,108,9,50,09:50-55,1,0,97,103.67
AlankarChowk,a3,LEFT,2026-09-10 09:55:00,39,52,5,10,106,9,55,09:55-00,1,0,108,103.67
AlankarChowk,a3,LEFT,2026-09-10 10:00:00,33,50,8,8,99,10,0,10:00-05,1,0,106,104.33
AlankarChowk,a3,LEFT,2026-09-10 10:05:00,32,49,7,19,107,10,5,10:05-10,1,0,99,104.0
AlankarChowk,a3,RIGHT,2026-09-10 07:05:00,22,36,4,5,67,7,5,07:05-10,0,0,69,68.0
AlankarChowk,a3,RIGHT,2026-09-10 07:10:00,23,33,4,4,64,7,10,07:10-15,0,0,67,66.67
AlankarChowk,a3,RIGHT,2026-09-10 07:15:00,23,33,3,6,65,7,15,07:15-20,0,0,64,65.33
AlankarChowk,a3,RIGHT,2026-09-10 07:20:00,21,30,4,8,63,7,20,07:20-25,0,0,65,64.0
AlankarChowk,a3,RIGHT,2026-09-10 07:25:00,22,31,5,9,67,7,25,07:25-30,0,0,63,65.0
AlankarChowk,a3,RIGHT,2026-09-10 07:30:00,19,34,5,6,64,7,30,07:30-35,0,0,67,64.67
AlankarChowk,a3,RIGHT,2026-09-10 07:35:00,20,31,5,12,68,7,35,07:35-40,0,0,64,66.33
AlankarChowk,a3,RIGHT,2026-09-10 07:40:00,23,34,4,7,68,7,40,07:40-45,0,0,68,66.67
AlankarChowk,a3,RIGHT,2026-09-10 07:45:00,19,28,4,9,60,7,45,07:45-50,0,0,68,65.33
AlankarChowk,a3,RIGHT,2026-09-10 07:50:00,24,34,4,4,66,7,50,07:50-55,0,0,60,64.67
AlankarChowk,a3,RIGHT,2026-09-10 07:55:00,19,27,3,8,57,7,55,07:55-00,0,0,66,61.0
AlankarChowk,a3,RIGHT,2026-09-10 08:00:00,37,48,6,12,103,8,0,08:00-05,1,0,57,75.33
AlankarChowk,a3,RIGHT,2026-09-10 08:05:00,35,53,8,6,102,8,5,08:05-10,1,0,103,87.33
AlankarChowk,a3,RIGHT,2026-09-10 08:10:00,41,62,8,7,118,8,10,08:10-15,1,0,102,107.67
AlankarChowk,a3,RIGHT,2026-09-10 08:15:00,33,41,7,9,90,8,15,08:15-20,1,0,118,103.33
AlankarChowk,a3,RIGHT,2026-09-10 08:20:00,34,54,6,12,106,8,20,08:20-25,1,0,90,104.67
AlankarChowk,a3,RIGHT,2026-09-10 08:25:00,41,51,8,11,111,8,25,08:25-30,1,0,106,102.33
AlankarChowk,a3,RIGHT,2026-09-10 08:30:00,31,52,8,12,103,8,30,08:30-35,1,0,111,106.67
AlankarChowk,a3,RIGHT,2026-09-10 08:35:00,36,52,6,15,109,8,35,08:35-40,1,0,103,107.67
AlankarChowk,a3,RIGHT,2026-09-10 08:40:00,33,51,5,9,98,8,40,08:40-45,1,0,109,103.33
AlankarChowk,a3,RIGHT,2026-09-10 08:45:00,35,53,8,19,115,8,45,08:45-50,1,0,98,107.33
AlankarChowk,a3,RIGHT,2026-09-10 08:50:00,35,53,7,9,104,8,50,08:50-55,1,0,115,105.67
AlankarChowk,a3,RIGHT,2026-09-10 08:55:00,36,48,5,12,101,8,55,08:55-00,1,0,104,106.67
AlankarChowk,a3,RIGHT,2026-09-10 09:00:00,34,51,7,9,101,9,0,09:00-05,1,0,101,102.0
AlankarChowk,a3,RIGHT,2026-09-10 09:05:00,36,50,8,15,109,9,5,09:05-10,1,0,101,103.67
AlankarChowk,a3,RIGHT,2026-09-10 09:10:00,35,53,6,19,113,9,10,09:10-15,1,0,109,107.67
AlankarChowk,a3,RIGHT,2026-09-10 09:15:00,32,52,8,15,107,9,15,09:15-20,1,0,113,109.67
AlankarChowk,a3,RIGHT,2026-09-10 09:20:00,37,56,9,8,110,9,20,09:20-25,1,0,107,110.0
AlankarChowk,a3,RIGHT,2026-09-10 09:25:00,34,59,9,11,113,9,25,09:25-30,1,0,110,110.0
AlankarChowk,a3,RIGHT,2026-09-10 09:30:00,39,57,7,5,108,9,30,09:30-35,1,0,113,110.33
AlankarChowk,a3,RIGHT,2026-09-10 09:35:00,38,54,7,8,107,9,35,09:35-40,1,0,108,109.33
AlankarChowk,a3,RIGHT,2026-09-10 09:40:00,38,52,7,10,107,9,40,09:40-45,1,0,107,107.33
AlankarChowk,a3,RIGHT,2026-09-10 09:45:00,39,56,5,7,107,9,45,09:45-50,1,0,107,107.0
AlankarChowk,a3,RIGHT,2026-09-10 09:50:00,37,55,7,10,109,9,50,09:50-55,1,0,107,107.67
AlankarChowk,a3,RIGHT,2026-09-10 09:55:00,33,49,6,14,102,9,55,09:55-00,1,0,109,106.0
AlankarChowk,a3,RIGHT,2026-09-10 10:00:00,37,52,9,13,111,10,0,10:00-05,1,0,102,107.33
AlankarChowk,a3,RIGHT,2026-09-10 10:05:00,40,55,9,10,114,10,5,10:05-10,1,0,111,109.0
JehangirChowk,j1,UP,2026-09-10 07:05:00,36,54,5,9,104,7,5,07:05-10,0,0,112,108.0
JehangirChowk,j1,UP,2026-09-10 07:10:00,40,57,7,7,111,7,10,07:10-15,0,0,104,109.0
JehangirChowk,j1,UP,2026-09-10 07:15:00,34,53,7,7,101,7,15,07:15-20,0,0,111,105.33
JehangirChowk,j1,UP,2026-09-10 07:20:00,30,50,5,14,99,7,20,07:20-25,0,0,101,103.67
JehangirChowk,j1,UP,2026-09-10 07:25:00,32,49,6,12,99,7,25,07:25-30,0,0,99,99.67
JehangirChowk,j1,UP,2026-09-10 07:30:00,39,57,6,16,118,7,30,07:30-35,0,0,99,105.33
JehangirChowk,j1,UP,2026-09-10 07:35:00,34,59,9,11,113,7,35,07:35-40,0,0,118,110.0
JehangirChowk,j1,UP,2026-09-10 07:40:00,39,58,8,11,116,7,40,07:40-45,0,0,113,115.67
JehangirChowk,j1,UP,2026-09-10 07:45:00,37,52,6,6,101,7,45,07:45-50,0,0,116,110.0
JehangirChowk,j1,UP,2026-09-10 07:50:00,38,55,6,15,114,7,50,07:50-55,0,0,101,110.33
JehangirChowk,j1,UP,2026-09-10 07:55:00,30,46,8,15,99,7,55,07:55-00,0,0,114,104.67
JehangirChowk,j1,UP,2026-09-10 08:00:00,52,83,9,22,166,8,0,08:00-05,1,0,99,126.33
JehangirChowk,j1,UP,2026-09-10 08:05:00,64,95,13,21,193,8,5,08:05-10,1,0,166,152.67
JehangirChowk,j1,UP,2026-09-10 08:10:00,60,88,11,24,183,8,10,08:10-15,1,0,193,180.67
JehangirChowk,j1,UP,2026-09-10 08:15:00,67,94,14,12,187,8,15,08:15-20,1,0,183,187.67
JehangirChowk,j1,UP,2026-09-10 08:20:00,58,93,14,17,182,8,20,08:20-25,1,0,187,184.0
JehangirChowk,j1,UP,2026-09-10 08:25:00,66,91,15,7,179,8,25,08:25-30,1,0,182,182.67
JehangirChowk,j1,UP,2026-09-10 08:30:00,55,79,14,20,168,8,30,08:30-35,1,0,179,176.33
JehangirChowk,j1,UP,2026-09-10 08:35:00,63,98,14,16,191,8,35,08:35-40,1,0,168,179.33
JehangirChowk,j1,UP,2026-09-10 08:40:00,67,91,15,13,186,8,40,08:40-45,1,0,191,181.67
JehangirChowk,j1,UP,2026-09-10 08:45:00,63,88,13,8,172,8,45,08:45-50,1,0,186,183.0
JehangirChowk,j1,UP,2026-09-10 08:50:00,56,86,10,18,170,8,50,08:50-55,1,0,172,176.0
JehangirChowk,j1,UP,2026-09-10 08:55:00,51,79,9,24,163,8,55,08:55-00,1,0,170,168.33
JehangirChowk,j1,UP,2026-09-10 09:00:00,59,90,10,31,190,9,0,09:00-05,1,0,163,174.33
JehangirChowk,j1,UP,2026-09-10 09:05:00,52,90,13,17,172,9,5,09:05-10,1,0,190,175.0
JehangirChowk,j1,UP,2026-09-10 09:10:00,62,87,15,26,190,9,10,09:10-15,1,0,172,184.0
JehangirChowk,j1,UP,2026-09-10 09:15:00,50,72,8,24,154,9,15,09:15-20,1,0,190,172.0
JehangirChowk,j1,UP,2026-09-10 09:20:00,58,98,12,19,187,9,20,09:20-25,1,0,154,177.0
JehangirChowk,j1,UP,2026-09-10 09:25:00,55,77,9,17,158,9,25,09:25-30,1,0,187,166.33
JehangirChowk,j1,UP,2026-09-10 09:30:00,56,86,11,14,167,9,30,09:30-35,1,0,158,170.67
JehangirChowk,j1,UP,2026-09-10 09:35:00,65,87,12,16,180,9,35,09:35-40,1,0,167,168.33
JehangirChowk,j1,UP,2026-09-10 09:40:00,68,97,12,5,182,9,40,09:40-45,1,0,180,176.33
JehangirChowk,j1,UP,2026-09-10 09:45:00,54,80,11,21,166,9,45,09:45-50,1,0,182,176.0
JehangirChowk,j1,UP,2026-09-10 09:50:00,61,104,11,23,199,9,50,09:50-55,1,0,166,182.33
JehangirChowk,j1,UP,2026-09-10 09:55:00,63,87,12,10,172,9,55,09:55-00,1,0,199,179.0
JehangirChowk,j1,UP,2026-09-10 10:00:00,63,103,15,15,196,10,0,10:00-05,1,0,172,189.0
JehangirChowk,j1,UP,2026-09-10 10:05:00,71,92,10,18,191,10,5,10:05-10,1,0,196,186.33
JehangirChowk,j1,DOWN,2026-09-10 07:05:00,35,54,8,20,117,7,5,07:05-10,0,0,92,104.5
JehangirChowk,j1,DOWN,2026-09-10 07:10:00,33,54,9,16,112,7,10,07:10-15,0,0,117,107.0
JehangirChowk,j1,DOWN,2026-09-10 07:15:00,47,70,10,7,134,7,15,07:15-20,0,0,112,121.0
JehangirChowk,j1,DOWN,2026-09-10 07:20:00,40,60,6,8,114,7,20,07:20-25,0,0,134,120.0
JehangirChowk,j1,DOWN,2026-09-10 07:25:00,38,58,5,13,114,7,25,07:25-30,0,0,114,120.67
JehangirChowk,j1,DOWN,2026-09-10 07:30:00,39,60,9,7,115,7,30,07:30-35,0,0,114,114.33
JehangirChowk,j1,DOWN,2026-09-10 07:35:00,34,56,6,16,112,7,35,07:35-40,0,0,115,113.67
JehangirChowk,j1,DOWN,2026-09-10 07:40:00,39,53,7,10,109,7,40,07:40-45,0,0,112,112.0
JehangirChowk,j1,DOWN,2026-09-10 07:45:00,41,52,8,11,112,7,45,07:45-50,0,0,109,111.0
JehangirChowk,j1,DOWN,2026-09-10 07:50:00,37,57,7,18,119,7,50,07:50-55,0,0,112,113.33
JehangirChowk,j1,DOWN,2026-09-10 07:55:00,35,56,7,12,110,7,55,07:55-00,0,0,119,113.67
JehangirChowk,j1,DOWN,2026-09-10 08:00:00,53,93,12,16,174,8,0,08:00-05,1,0,110,134.33
JehangirChowk,j1,DOWN,2026-09-10 08:05:00,65,86,12,9,172,8,5,08:05-10,1,0,174,152.0
JehangirChowk,j1,DOWN,2026-09-10 08:10:00,62,84,9,11,166,8,10,08:10-15,1,0,172,170.67
JehangirChowk,j1,DOWN,2026-09-10 08:15:00,67,85,11,22,185,8,15,08:15-20,1,0,166,174.33
JehangirChowk,j1,DOWN,2026-09-10 08:20:00,62,91,11,11,175,8,20,08:20-25,1,0,185,175.33
JehangirChowk,j1,DOWN,2026-09-10 08:25:00,54,73,13,19,159,8,25,08:25-30,1,0,175,173.0
JehangirChowk,j1,DOWN,2026-09-10 08:30:00,66,92,14,14,186,8,30,08:30-35,1,0,159,173.33
JehangirChowk,j1,DOWN,2026-09-10 08:35:00,59,102,15,20,196,8,35,08:35-40,1,0,186,180.33
JehangirChowk,j1,DOWN,2026-09-10 08:40:00,52,76,8,30,166,8,40,08:40-45,1,0,196,182.67
JehangirChowk,j1,DOWN,2026-09-10 08:45:00,61,95,16,7,179,8,45,08:45-50,1,0,166,180.33
JehangirChowk,j1,DOWN,2026-09-10 08:50:00,52,86,10,19,167,8,50,08:50-55,1,0,179,170.67
JehangirChowk,j1,DOWN,2026-09-10 08:55:00,64,90,11,9,174,8,55,08:55-00,1,0,167,173.33
JehangirChowk,j1,DOWN,2026-09-10 09:00:00,66,98,15,6,185,9,0,09:00-05,1,0,174,175.33
JehangirChowk,j1,DOWN,2026-09-10 09:05:00,69,90,12,14,185,9,5,09:05-10,1,0,185,181.33
JehangirChowk,j1,DOWN,2026-09-10 09:10:00,53,74,11,10,148,9,10,09:10-15,1,0,185,172.67
JehangirChowk,j1,DOWN,2026-09-10 09:15:00,61,82,14,20,177,9,15,09:15-20,1,0,148,170.0
JehangirChowk,j1,DOWN,2026-09-10 09:20:00,58,77,10,21,166,9,20,09:20-25,1,0,177,163.67
JehangirChowk,j1,DOWN,2026-09-10 09:25:00,57,87,13,16,173,9,25,09:25-30,1,0,166,172.0
JehangirChowk,j1,DOWN,2026-09-10 09:30:00,57,92,15,10,174,9,30,09:30-35,1,0,173,171.0
JehangirChowk,j1,DOWN,2026-09-10 09:35:00,67,86,15,11,179,9,35,09:35-40,1,0,174,175.33
JehangirChowk,j1,DOWN,2026-09-10 09:40:00,69,93,14,16,192,9,40,09:40-45,1,0,179,181.67
JehangirChowk,j1,DOWN,2026-09-10 09:45:00,57,98,13,16,184,9,45,09:45-50,1,0,192,185.0
JehangirChowk,j1,DOWN,2026-09-10 09:50:00,64,82,11,20,177,9,50,09:50-55,1,0,184,184.33
JehangirChowk,j1,DOWN,2026-09-10 09:55:00,59,84,12,18,173,9,55,09:55-00,1,0,177,178.0
JehangirChowk,j1,DOWN,2026-09-10 10:00:00,58,79,11,15,163,10,0,10:00-05,1,0,173,171.0
JehangirChowk,j1,DOWN,2026-09-10 10:05:00,49,74,11,15,149,10,5,10:05-10,1,0,163,161.67
JehangirChowk,j1,LEFT,2026-09-10 07:05:00,26,41,4,11,82,7,5,07:05-10,0,0,79,80.5
JehangirChowk,j1,LEFT,2026-09-10 07:10:00,22,29,4,6,61,7,10,07:10-15,0,0,82,74.0
JehangirChowk,j1,LEFT,2026-09-10 07:15:00,31,39,5,10,85,7,15,07:15-20,0,0,61,76.0
JehangirChowk,j1,LEFT,2026-09-10 07:20:00,29,39,7,9,84,7,20,07:20-25,0,0,85,76.67
JehangirChowk,j1,LEFT,2026-09-10 07:25:00,24,36,3,12,75,7,25,07:25-30,0,0,84,81.33
JehangirChowk,j1,LEFT,2026-09-10 07:30:00,24,35,5,4,68,7,30,07:30-35,0,0,75,75.67
JehangirChowk,j1,LEFT,2026-09-10 07:35:00,27,38,5,6,76,7,35,07:35-40,0,0,68,73.0
JehangirChowk,j1,LEFT,2026-09-10 07:40:00,29,38,4,11,82,7,40,07:40-45,0,0,76,75.33
JehangirChowk,j1,LEFT,2026-09-10 07:45:00,26,40,6,9,81,7,45,07:45-50,0,0,82,79.67
JehangirChowk,j1,LEFT,2026-09-10 07:50:00,23,33,6,10,72,7,50,07:50-55,0,0,81,78.33
JehangirChowk,j1,LEFT,2026-09-10 07:55:00,25,39,6,6,76,7,55,07:55-00,0,0,72,76.33
JehangirChowk,j1,LEFT,2026-09-10 08:00:00,45,69,8,7,129,8,0,08:00-05,1,0,76,92.33
JehangirChowk,j1,LEFT,2026-09-10 08:05:00,40,63,10,11,124,8,5,08:05-10,1,0,129,109.67
JehangirChowk,j1,LEFT,2026-09-10 08:10:00,49,61,8,12,130,8,10,08:10-15,1,0,124,127.67
JehangirChowk,j1,LEFT,2026-09-10 08:15:00,35,61,6,13,115,8,15,08:15-20,1,0,130,123.0
JehangirChowk,j1,LEFT,2026-09-10 08:20:00,46,63,8,13,130,8,20,08:20-25,1,0,115,125.0
JehangirChowk,j1,LEFT,2026-09-10 08:25:00,49,70,11,2,132,8,25,08:25-30,1,0,130,125.67
JehangirChowk,j1,LEFT,2026-09-10 08:30:00,39,64,7,17,127,8,30,08:30-35,1,0,132,129.67
JehangirChowk,j1,LEFT,2026-09-10 08:35:00,47,70,7,16,140,8,35,08:35-40,1,0,127,133.0
JehangirChowk,j1,LEFT,2026-09-10 08:40:00,47,67,9,9,132,8,40,08:40-45,1,0,140,133.0
JehangirChowk,j1,LEFT,2026-09-10 08:45:00,43,65,10,7,125,8,45,08:45-50,1,0,132,132.33
JehangirChowk,j1,LEFT,2026-09-10 08:50:00,44,66,9,11,130,8,50,08:50-55,1,0,125,129.0
JehangirChowk,j1,LEFT,2026-09-10 08:55:00,42,66,9,11,128,8,55,08:55-00,1,0,130,127.67
JehangirChowk,j1,LEFT,2026-09-10 09:00:00,43,55,7,10,115,9,0,09:00-05,1,0,128,124.33
JehangirChowk,j1,LEFT,2026-09-10 09:05:00,45,66,7,9,127,9,5,09:05-10,1,0,115,123.33
JehangirChowk,j1,LEFT,2026-09-10 09:10:00,44,64,7,15,130,9,10,09:10-15,1,0,127,124.0
JehangirChowk,j1,LEFT,2026-09-10 09:15:00,41,65,10,13,129,9,15,09:15-20,1,0,130,128.67
JehangirChowk,j1,LEFT,2026-09-10 09:20:00,38,67,8,12,125,9,20,09:20-25,1,0,129,128.0
JehangirChowk,j1,LEFT,2026-09-10 09:25:00,35,55,7,12,109,9,25,09:25-30,1,0,125,121.0
JehangirChowk,j1,LEFT,2026-09-10 09:30:00,40,58,8,20,126,9,30,09:30-35,1,0,109,120.0
JehangirChowk,j1,LEFT,2026-09-10 09:35:00,42,68,11,13,134,9,35,09:35-40,1,0,126,123.0
JehangirChowk,j1,LEFT,2026-09-10 09:40:00,42,66,10,13,131,9,40,09:40-45,1,0,134,130.33
JehangirChowk,j1,LEFT,2026-09-10 09:45:00,45,66,9,14,134,9,45,09:45-50,1,0,131,133.0
JehangirChowk,j1,LEFT,2026-09-10 09:50:00,42,67,11,6,126,9,50,09:50-55,1,0,134,130.33
JehangirChowk,j1,LEFT,2026-09-10 09:55:00,42,61,6,20,129,9,55,09:55-00,1,0,126,129.67
JehangirChowk,j1,LEFT,2026-09-10 10:00:00,36,55,7,11,109,10,0,10:00-05,1,0,129,121.33
JehangirChowk,j1,LEFT,2026-09-10 10:05:00,42,67,10,9,128,10,5,10:05-10,1,0,109,122.0
JehangirChowk,j1,RIGHT,2026-09-10 07:05:00,23,32,3,11,69,7,5,07:05-10,0,0,78,73.5
JehangirChowk,j1,RIGHT,2026-09-10 07:10:00,26,33,5,5,69,7,10,07:10-15,0,0,69,72.0
JehangirChowk,j1,RIGHT,2026-09-10 07:15:00,29,37,5,8,79,7,15,07:15-20,0,0,69,72.33
JehangirChowk,j1,RIGHT,2026-09-10 07:20:00,28,42,4,6,80,7,20,07:20-25,0,0,79,76.0
JehangirChowk,j1,RIGHT,2026-09-10 07:25:00,25,37,3,9,74,7,25,07:25-30,0,0,80,77.67
JehangirChowk,j1,RIGHT,2026-09-10 07:30:00,27,40,6,9,82,7,30,07:30-35,0,0,74,78.67
JehangirChowk,j1,RIGHT,2026-09-10 07:35:00,27,41,6,9,83,7,35,07:35-40,0,0,82,79.67
JehangirChowk,j1,RIGHT,2026-09-10 07:40:00,28,45,5,10,88,7,40,07:40-45,0,0,83,84.33
JehangirChowk,j1,RIGHT,2026-09-10 07:45:00,31,48,7,7,93,7,45,07:45-50,0,0,88,88.0
JehangirChowk,j1,RIGHT,2026-09-10 07:50:00,26,37,6,7,76,7,50,07:50-55,0,0,93,85.67
JehangirChowk,j1,RIGHT,2026-09-10 07:55:00,32,45,7,5,89,7,55,07:55-00,0,0,76,86.0
JehangirChowk,j1,RIGHT,2026-09-10 08:00:00,47,62,10,7,126,8,0,08:00-05,1,0,89,97.0
JehangirChowk,j1,RIGHT,2026-09-10 08:05:00,43,65,9,8,125,8,5,08:05-10,1,0,126,113.33
JehangirChowk,j1,RIGHT,2026-09-10 08:10:00,42,62,10,8,122,8,10,08:10-15,1,0,125,124.33
JehangirChowk,j1,RIGHT,2026-09-10 08:15:00,43,58,6,17,124,8,15,08:15-20,1,0,122,123.67
JehangirChowk,j1,RIGHT,2026-09-10 08:20:00,42,60,7,22,131,8,20,08:20-25,1,0,124,125.67
JehangirChowk,j1,RIGHT,2026-09-10 08:25:00,41,64,10,11,126,8,25,08:25-30,1,0,131,127.0
JehangirChowk,j1,RIGHT,2026-09-10 08:30:00,43,74,7,19,143,8,30,08:30-35,1,0,126,133.33
JehangirChowk,j1,RIGHT,2026-09-10 08:35:00,38,56,9,15,118,8,35,08:35-40,1,0,143,129.0
JehangirChowk,j1,RIGHT,2026-09-10 08:40:00,44,56,7,12,119,8,40,08:40-45,1,0,118,126.67
JehangirChowk,j1,RIGHT,2026-09-10 08:45:00,45,61,9,11,126,8,45,08:45-50,1,0,119,121.0
JehangirChowk,j1,RIGHT,2026-09-10 08:50:00,37,60,7,15,119,8,50,08:50-55,1,0,126,121.33
JehangirChowk,j1,RIGHT,2026-09-10 08:55:00,36,58,10,12,116,8,55,08:55-00,1,0,119,120.33
JehangirChowk,j1,RIGHT,2026-09-10 09:00:00,44,59,7,15,125,9,0,09:00-05,1,0,116,120.0
JehangirChowk,j1,RIGHT,2026-09-10 09:05:00,50,65,10,9,134,9,5,09:05-10,1,0,125,125.0
JehangirChowk,j1,RIGHT,2026-09-10 09:10:00,41,64,11,10,126,9,10,09:10-15,1,0,134,128.33
JehangirChowk,j1,RIGHT,2026-09-10 09:15:00,49,69,10,4,132,9,15,09:15-20,1,0,126,130.67
JehangirChowk,j1,RIGHT,2026-09-10 09:20:00,40,64,8,13,125,9,20,09:20-25,1,0,132,127.67
JehangirChowk,j1,RIGHT,2026-09-10 09:25:00,45,64,7,18,134,9,25,09:25-30,1,0,125,130.33
JehangirChowk,j1,RIGHT,2026-09-10 09:30:00,33,55,7,12,107,9,30,09:30-35,1,0,134,122.0
JehangirChowk,j1,RIGHT,2026-09-10 09:35:00,38,61,9,14,122,9,35,09:35-40,1,0,107,121.0
JehangirChowk,j1,RIGHT,2026-09-10 09:40:00,38,53,9,15,115,9,40,09:40-45,1,0,122,114.67
JehangirChowk,j1,RIGHT,2026-09-10 09:45:00,45,58,6,16,125,9,45,09:45-50,1,0,115,120.67
JehangirChowk,j1,RIGHT,2026-09-10 09:50:00,40,53,9,6,108,9,50,09:50-55,1,0,125,116.0
JehangirChowk,j1,RIGHT,2026-09-10 09:55:00,38,60,10,13,121,9,55,09:55-00,1,0,108,118.0
JehangirChowk,j1,RIGHT,2026-09-10 10:00:00,37,64,8,13,122,10,0,10:00-05,1,0,121,117.0
JehangirChowk,j1,RIGHT,2026-09-10 10:05:00,49,69,12,9,139,10,5,10:05-10,1,0,122,127.33
JehangirChowk,j2,UP,2026-09-10 07:05:00,35,57,7,8,107,7,5,07:05-10,0,0,114,110.5
JehangirChowk,j2,UP,2026-09-10 07:10:00,47,68,6,7,128,7,10,07:10-15,0,0,107,116.33
JehangirChowk,j2,UP,2026-09-10 07:15:00,31,51,9,11,102,7,15,07:15-20,0,0,128,112.33
JehangirChowk,j2,UP,2026-09-10 07:20:00,35,52,9,9,105,7,20,07:20-25,0,0,102,111.67
JehangirChowk,j2,UP,2026-09-10 07:25:00,44,69,7,12,132,7,25,07:25-30,0,0,105,113.0
JehangirChowk,j2,UP,2026-09-10 07:30:00,36,56,6,15,113,7,30,07:30-35,0,0,132,116.67
JehangirChowk,j2,UP,2026-09-10 07:35:00,40,58,8,6,112,7,35,07:35-40,0,0,113,119.0
JehangirChowk,j2,UP,2026-09-10 07:40:00,40,58,9,3,110,7,40,07:40-45,0,0,112,111.67
JehangirChowk,j2,UP,2026-09-10 07:45:00,32,52,8,13,105,7,45,07:45-50,0,0,110,109.0
JehangirChowk,j2,UP,2026-09-10 07:50:00,35,53,6,17,111,7,50,07:50-55,0,0,105,108.67
JehangirChowk,j2,UP,2026-09-10 07:55:00,40,54,9,10,113,7,55,07:55-00,0,0,111,109.67
JehangirChowk,j2,UP,2026-09-10 08:00:00,59,78,13,20,170,8,0,08:00-05,1,0,113,131.33
JehangirChowk,j2,UP,2026-09-10 08:05:00,60,90,12,33,195,8,5,08:05-10,1,0,170,159.33
JehangirChowk,j2,UP,2026-09-10 08:10:00,58,87,10,9,164,8,10,08:10-15,1,0,195,176.33
JehangirChowk,j2,UP,2026-09-10 08:15:00,69,86,11,19,185,8,15,08:15-20,1,0,164,181.33
JehangirChowk,j2,UP,2026-09-10 08:20:00,53,80,13,24,170,8,20,08:20-25,1,0,185,173.0
JehangirChowk,j2,UP,2026-09-10 08:25:00,56,86,12,17,171,8,25,08:25-30,1,0,170,175.33
JehangirChowk,j2,UP,2026-09-10 08:30:00,51,82,9,19,161,8,30,08:30-35,1,0,171,167.33
JehangirChowk,j2,UP,2026-09-10 08:35:00,66,93,9,11,179,8,35,08:35-40,1,0,161,170.33
JehangirChowk,j2,UP,2026-09-10 08:40:00,54,73,8,23,158,8,40,08:40-45,1,0,179,166.0
JehangirChowk,j2,UP,2026-09-10 08:45:00,62,92,13,16,183,8,45,08:45-50,1,0,158,173.33
JehangirChowk,j2,UP,2026-09-10 08:50:00,56,91,10,26,183,8,50,08:50-55,1,0,183,174.67
JehangirChowk,j2,UP,2026-09-10 08:55:00,56,93,13,23,185,8,55,08:55-00,1,0,183,183.67
JehangirChowk,j2,UP,2026-09-10 09:00:00,60,90,9,22,181,9,0,09:00-05,1,0,185,183.0
JehangirChowk,j2,UP,2026-09-10 09:05:00,59,81,12,12,164,9,5,09:05-10,1,0,181,176.67
JehangirChowk,j2,UP,2026-09-10 09:10:00,54,82,8,14,158,9,10,09:10-15,1,0,164,167.67
JehangirChowk,j2,UP,2026-09-10 09:15:00,57,92,17,24,190,9,15,09:15-20,1,0,158,170.67
JehangirChowk,j2,UP,2026-09-10 09:20:00,54,96,12,19,181,9,20,09:20-25,1,0,190,176.33
JehangirChowk,j2,UP,2026-09-10 09:25:00,63,91,15,6,175,9,25,09:25-30,1,0,181,182.0
JehangirChowk,j2,UP,2026-09-10 09:30:00,55,91,14,9,169,9,30,09:30-35,1,0,175,175.0
JehangirChowk,j2,UP,2026-09-10 09:35:00,54,88,12,12,166,9,35,09:35-40,1,0,169,170.0
JehangirChowk,j2,UP,2026-09-10 09:40:00,55,86,9,18,168,9,40,09:40-45,1,0,166,167.67
JehangirChowk,j2,UP,2026-09-10 09:45:00,55,81,12,15,163,9,45,09:45-50,1,0,168,165.67
JehangirChowk,j2,UP,2026-09-10 09:50:00,57,81,13,26,177,9,50,09:50-55,1,0,163,169.33
JehangirChowk,j2,UP,2026-09-10 09:55:00,60,89,14,14,177,9,55,09:55-00,1,0,177,172.33
JehangirChowk,j2,UP,2026-09-10 10:00:00,66,85,13,13,177,10,0,10:00-05,1,0,177,177.0
JehangirChowk,j2,UP,2026-09-10 10:05:00,68,88,12,20,188,10,5,10:05-10,1,0,177,180.67
JehangirChowk,j2,DOWN,2026-09-10 07:05:00,32,43,7,12,94,7,5,07:05-10,0,0,111,102.5
JehangirChowk,j2,DOWN,2026-09-10 07:10:00,38,60,7,17,122,7,10,07:10-15,0,0,94,109.0
JehangirChowk,j2,DOWN,2026-09-10 07:15:00,34,59,7,13,113,7,15,07:15-20,0,0,122,109.67
JehangirChowk,j2,DOWN,2026-09-10 07:20:00,34,54,7,11,106,7,20,07:20-25,0,0,113,113.67
JehangirChowk,j2,DOWN,2026-09-10 07:25:00,40,63,7,13,123,7,25,07:25-30,0,0,106,114.0
JehangirChowk,j2,DOWN,2026-09-10 07:30:00,37,55,6,19,117,7,30,07:30-35,0,0,123,115.33
JehangirChowk,j2,DOWN,2026-09-10 07:35:00,43,63,10,2,118,7,35,07:35-40,0,0,117,119.33
JehangirChowk,j2,DOWN,2026-09-10 07:40:00,39,51,9,5,104,7,40,07:40-45,0,0,118,113.0
JehangirChowk,j2,DOWN,2026-09-10 07:45:00,37,53,6,8,104,7,45,07:45-50,0,0,104,108.67
JehangirChowk,j2,DOWN,2026-09-10 07:50:00,38,51,7,10,106,7,50,07:50-55,0,0,104,104.67
JehangirChowk,j2,DOWN,2026-09-10 07:55:00,36,59,8,9,112,7,55,07:55-00,0,0,106,107.33
JehangirChowk,j2,DOWN,2026-09-10 08:00:00,70,93,13,10,186,8,0,08:00-05,1,0,112,134.67
JehangirChowk,j2,DOWN,2026-09-10 08:05:00,48,71,8,24,151,8,5,08:05-10,1,0,186,149.67
JehangirChowk,j2,DOWN,2026-09-10 08:10:00,49,84,12,15,160,8,10,08:10-15,1,0,151,165.67
JehangirChowk,j2,DOWN,2026-09-10 08:15:00,49,73,11,21,154,8,15,08:15-20,1,0,160,155.0
JehangirChowk,j2,DOWN,2026-09-10 08:20:00,56,74,12,14,156,8,20,08:20-25,1,0,154,156.67
JehangirChowk,j2,DOWN,2026-09-10 08:25:00,54,81,13,13,161,8,25,08:25-30,1,0,156,157.0
JehangirChowk,j2,DOWN,2026-09-10 08:30:00,60,74,14,13,161,8,30,08:30-35,1,0,161,159.33
JehangirChowk,j2,DOWN,2026-09-10 08:35:00,77,95,14,17,203,8,35,08:35-40,1,0,161,175.0
JehangirChowk,j2,DOWN,2026-09-10 08:40:00,66,84,12,15,177,8,40,08:40-45,1,0,203,180.33
JehangirChowk,j2,DOWN,2026-09-10 08:45:00,63,100,13,17,193,8,45,08:45-50,1,0,177,191.0
JehangirChowk,j2,DOWN,2026-09-10 08:50:00,57,85,9,19,170,8,50,08:50-55,1,0,193,180.0
JehangirChowk,j2,DOWN,2026-09-10 08:55:00,62,99,15,8,184,8,55,08:55-00,1,0,170,182.33
JehangirChowk,j2,DOWN,2026-09-10 09:00:00,64,92,11,20,187,9,0,09:00-05,1,0,184,180.33
JehangirChowk,j2,DOWN,2026-09-10 09:05:00,54,80,14,22,170,9,5,09:05-10,1,0,187,180.33
JehangirChowk,j2,DOWN,2026-09-10 09:10:00,53,77,10,25,165,9,10,09:10-15,1,0,170,174.0
JehangirChowk,j2,DOWN,2026-09-10 09:15:00,57,89,12,12,170,9,15,09:15-20,1,0,165,168.33
JehangirChowk,j2,DOWN,2026-09-10 09:20:00,65,90,13,5,173,9,20,09:20-25,1,0,170,169.33
JehangirChowk,j2,DOWN,2026-09-10 09:25:00,52,83,13,20,168,9,25,09:25-30,1,0,173,170.33
JehangirChowk,j2,DOWN,2026-09-10 09:30:00,69,92,13,12,186,9,30,09:30-35,1,0,168,175.67
JehangirChowk,j2,DOWN,2026-09-10 09:35:00,59,99,9,27,194,9,35,09:35-40,1,0,186,182.67
JehangirChowk,j2,DOWN,2026-09-10 09:40:00,69,99,12,13,193,9,40,09:40-45,1,0,194,191.0
JehangirChowk,j2,DOWN,2026-09-10 09:45:00,48,80,11,13,152,9,45,09:45-50,1,0,193,179.67
JehangirChowk,j2,DOWN,2026-09-10 09:50:00,66,93,14,18,191,9,50,09:50-55,1,0,152,178.67
JehangirChowk,j2,DOWN,2026-09-10 09:55:00,59,90,12,16,177,9,55,09:55-00,1,0,191,173.33
JehangirChowk,j2,DOWN,2026-09-10 10:00:00,65,88,11,28,192,10,0,10:00-05,1,0,177,186.67
JehangirChowk,j2,DOWN,2026-09-10 10:05:00,53,95,14,15,177,10,5,10:05-10,1,0,192,182.0
JehangirChowk,j2,LEFT,2026-09-10 07:05:00,22,33,4,11,70,7,5,07:05-10,0,0,74,72.0
JehangirChowk,j2,LEFT,2026-09-10 07:10:00,26,39,5,11,81,7,10,07:10-15,0,0,70,75.0
JehangirChowk,j2,LEFT,2026-09-10 07:15:00,28,37,4,6,75,7,15,07:15-20,0,0,81,75.33
JehangirChowk,j2,LEFT,2026-09-10 07:20:00,27,38,6,4,75,7,20,07:20-25,0,0,75,77.0
JehangirChowk,j2,LEFT,2026-09-10 07:25:00,22,32,4,11,69,7,25,07:25-30,0,0,75,73.0
JehangirChowk,j2,LEFT,2026-09-10 07:30:00,27,37,5,11,80,7,30,07:30-35,0,0,69,74.67
JehangirChowk,j2,LEFT,2026-09-10 07:35:00,27,41,6,5,79,7,35,07:35-40,0,0,80,76.0
JehangirChowk,j2,LEFT,2026-09-10 07:40:00,26,38,7,13,84,7,40,07:40-45,0,0,79,81.0
JehangirChowk,j2,LEFT,2026-09-10 07:45:00,28,44,4,7,83,7,45,07:45-50,0,0,84,82.0
JehangirChowk,j2,LEFT,2026-09-10 07:50:00,31,47,4,8,90,7,50,07:50-55,0,0,83,85.67
JehangirChowk,j2,LEFT,2026-09-10 07:55:00,27,45,7,6,85,7,55,07:55-00,0,0,90,86.0
JehangirChowk,j2,LEFT,2026-09-10 08:00:00,37,58,6,13,114,8,0,08:00-05,1,0,85,96.33
JehangirChowk,j2,LEFT,2026-09-10 08:05:00,37,56,9,17,119,8,5,08:05-10,1,0,114,106.0
JehangirChowk,j2,LEFT,2026-09-10 08:10:00,40,54,6,13,113,8,10,08:10-15,1,0,119,115.33
JehangirChowk,j2,LEFT,2026-09-10 08:15:00,49,74,9,7,139,8,15,08:15-20,1,0,113,123.67
JehangirChowk,j2,LEFT,2026-09-10 08:20:00,47,64,8,11,130,8,20,08:20-25,1,0,139,127.33
JehangirChowk,j2,LEFT,2026-09-10 08:25:00,47,66,8,6,127,8,25,08:25-30,1,0,130,132.0
JehangirChowk,j2,LEFT,2026-09-10 08:30:00,48,61,8,10,127,8,30,08:30-35,1,0,127,128.0
JehangirChowk,j2,LEFT,2026-09-10 08:35:00,46,61,8,10,125,8,35,08:35-40,1,0,127,126.33
JehangirChowk,j2,LEFT,2026-09-10 08:40:00,42,56,9,15,122,8,40,08:40-45,1,0,125,124.67
JehangirChowk,j2,LEFT,2026-09-10 08:45:00,35,59,6,15,115,8,45,08:45-50,1,0,122,120.67
JehangirChowk,j2,LEFT,2026-09-10 08:50:00,40,64,6,14,124,8,50,08:50-55,1,0,115,120.33
JehangirChowk,j2,LEFT,2026-09-10 08:55:00,37,52,7,19,115,8,55,08:55-00,1,0,124,118.0
JehangirChowk,j2,LEFT,2026-09-10 09:00:00,42,60,9,16,127,9,0,09:00-05,1,0,115,122.0
JehangirChowk,j2,LEFT,2026-09-10 09:05:00,39,65,8,20,132,9,5,09:05-10,1,0,127,124.67
JehangirChowk,j2,LEFT,2026-09-10 09:10:00,45,66,8,18,137,9,10,09:10-15,1,0,132,132.0
JehangirChowk,j2,LEFT,2026-09-10 09:15:00,41,65,11,17,134,9,15,09:15-20,1,0,137,134.33
JehangirChowk,j2,LEFT,2026-09-10 09:20:00,46,74,9,19,148,9,20,09:20-25,1,0,134,139.67
JehangirChowk,j2,LEFT,2026-09-10 09:25:00,36,53,7,17,113,9,25,09:25-30,1,0,148,131.67
JehangirChowk,j2,LEFT,2026-09-10 09:30:00,46,67,7,16,136,9,30,09:30-35,1,0,113,132.33
JehangirChowk,j2,LEFT,2026-09-10 09:35:00,41,62,9,19,131,9,35,09:35-40,1,0,136,126.67
JehangirChowk,j2,LEFT,2026-09-10 09:40:00,39,57,10,16,122,9,40,09:40-45,1,0,131,129.67
JehangirChowk,j2,LEFT,2026-09-10 09:45:00,43,60,10,11,124,9,45,09:45-50,1,0,122,125.67
JehangirChowk,j2,LEFT,2026-09-10 09:50:00,45,64,10,4,123,9,50,09:50-55,1,0,124,123.0
JehangirChowk,j2,LEFT,2026-09-10 09:55:00,43,63,11,17,134,9,55,09:55-00,1,0,123,127.0
JehangirChowk,j2,LEFT,2026-09-10 10:00:00,48,69,7,5,129,10,0,10:00-05,1,0,134,128.67
JehangirChowk,j2,LEFT,2026-09-10 10:05:00,45,69,9,12,135,10,5,10:05-10,1,0,129,132.67
JehangirChowk,j2,RIGHT,2026-09-10 07:05:00,29,42,6,7,84,7,5,07:05-10,0,0,79,81.5
JehangirChowk,j2,RIGHT,2026-09-10 07:10:00,25,40,5,6,76,7,10,07:10-15,0,0,84,79.67
JehangirChowk,j2,RIGHT,2026-09-10 07:15:00,23,35,5,9,72,7,15,07:15-20,0,0,76,77.33
JehangirChowk,j2,RIGHT,2026-09-10 07:20:00,28,40,6,9,83,7,20,07:20-25,0,0,72,77.0
JehangirChowk,j2,RIGHT,2026-09-10 07:25:00,24,33,5,8,70,7,25,07:25-30,0,0,83,75.0
JehangirChowk,j2,RIGHT,2026-09-10 07:30:00,26,42,5,6,79,7,30,07:30-35,0,0,70,77.33
JehangirChowk,j2,RIGHT,2026-09-10 07:35:00,28,38,5,6,77,7,35,07:35-40,0,0,79,75.33
JehangirChowk,j2,RIGHT,2026-09-10 07:40:00,25,33,4,7,69,7,40,07:40-45,0,0,77,75.0
JehangirChowk,j2,RIGHT,2026-09-10 07:45:00,23,38,6,9,76,7,45,07:45-50,0,0,69,74.0
JehangirChowk,j2,RIGHT,2026-09-10 07:50:00,23,38,6,9,76,7,50,07:50-55,0,0,76,73.67
JehangirChowk,j2,RIGHT,2026-09-10 07:55:00,24,38,5,7,74,7,55,07:55-00,0,0,76,75.33
JehangirChowk,j2,RIGHT,2026-09-10 08:00:00,43,62,9,22,136,8,0,08:00-05,1,0,74,95.33
JehangirChowk,j2,RIGHT,2026-09-10 08:05:00,43,62,9,11,125,8,5,08:05-10,1,0,136,111.67
JehangirChowk,j2,RIGHT,2026-09-10 08:10:00,41,62,8,8,119,8,10,08:10-15,1,0,125,126.67
JehangirChowk,j2,RIGHT,2026-09-10 08:15:00,39,63,7,21,130,8,15,08:15-20,1,0,119,124.67
JehangirChowk,j2,RIGHT,2026-09-10 08:20:00,40,50,5,12,107,8,20,08:20-25,1,0,130,118.67
JehangirChowk,j2,RIGHT,2026-09-10 08:25:00,46,67,8,18,139,8,25,08:25-30,1,0,107,125.33
JehangirChowk,j2,RIGHT,2026-09-10 08:30:00,41,57,7,12,117,8,30,08:30-35,1,0,139,121.0
JehangirChowk,j2,RIGHT,2026-09-10 08:35:00,46,61,6,15,128,8,35,08:35-40,1,0,117,128.0
JehangirChowk,j2,RIGHT,2026-09-10 08:40:00,42,69,12,12,135,8,40,08:40-45,1,0,128,126.67
JehangirChowk,j2,RIGHT,2026-09-10 08:45:00,36,56,6,19,117,8,45,08:45-50,1,0,135,126.67
JehangirChowk,j2,RIGHT,2026-09-10 08:50:00,35,50,6,15,106,8,50,08:50-55,1,0,117,119.33
JehangirChowk,j2,RIGHT,2026-09-10 08:55:00,39,60,6,14,119,8,55,08:55-00,1,0,106,114.0
JehangirChowk,j2,RIGHT,2026-09-10 09:00:00,40,62,9,12,123,9,0,09:00-05,1,0,119,116.0
JehangirChowk,j2,RIGHT,2026-09-10 09:05:00,44,58,10,11,123,9,5,09:05-10,1,0,123,121.67
JehangirChowk,j2,RIGHT,2026-09-10 09:10:00,41,69,8,13,131,9,10,09:10-15,1,0,123,125.67
JehangirChowk,j2,RIGHT,2026-09-10 09:15:00,41,64,10,14,129,9,15,09:15-20,1,0,131,127.67
JehangirChowk,j2,RIGHT,2026-09-10 09:20:00,40,58,8,9,115,9,20,09:20-25,1,0,129,125.0
JehangirChowk,j2,RIGHT,2026-09-10 09:25:00,45,60,9,11,125,9,25,09:25-30,1,0,115,123.0
JehangirChowk,j2,RIGHT,2026-09-10 09:30:00,46,64,7,16,133,9,30,09:30-35,1,0,125,124.33
JehangirChowk,j2,RIGHT,2026-09-10 09:35:00,35,53,7,19,114,9,35,09:35-40,1,0,133,124.0
JehangirChowk,j2,RIGHT,2026-09-10 09:40:00,44,66,7,16,133,9,40,09:40-45,1,0,114,126.67
JehangirChowk,j2,RIGHT,2026-09-10 09:45:00,44,68,10,18,140,9,45,09:45-50,1,0,133,129.0
JehangirChowk,j2,RIGHT,2026-09-10 09:50:00,42,66,8,7,123,9,50,09:50-55,1,0,140,132.0
JehangirChowk,j2,RIGHT,2026-09-10 09:55:00,37,54,7,17,115,9,55,09:55-00,1,0,123,126.0
JehangirChowk,j2,RIGHT,2026-09-10 10:00:00,41,62,11,21,135,10,0,10:00-05,1,0,115,124.33
JehangirChowk,j2,RIGHT,2026-09-10 10:05:00,44,69,9,8,130,10,5,10:05-10,1,0,135,126.67
JehangirChowk,j3,UP,2026-09-10 07:05:00,36,47,6,13,102,7,5,07:05-10,0,0,106,104.0
JehangirChowk,j3,UP,2026-09-10 07:10:00,36,51,8,13,108,7,10,07:10-15,0,0,102,105.33
JehangirChowk,j3,UP,2026-09-10 07:15:00,40,62,6,11,119,7,15,07:15-20,0,0,108,109.67
JehangirChowk,j3,UP,2026-09-10 07:20:00,39,63,9,9,120,7,20,07:20-25,0,0,119,115.67
JehangirChowk,j3,UP,2026-09-10 07:25:00,42,54,8,14,118,7,25,07:25-30,0,0,120,119.0
JehangirChowk,j3,UP,2026-09-10 07:30:00,40,59,6,8,113,7,30,07:30-35,0,0,118,117.0
JehangirChowk,j3,UP,2026-09-10 07:35:00,36,58,6,9,109,7,35,07:35-40,0,0,113,113.33
JehangirChowk,j3,UP,2026-09-10 07:40:00,40,60,6,7,113,7,40,07:40-45,0,0,109,111.67
JehangirChowk,j3,UP,2026-09-10 07:45:00,35,53,6,8,102,7,45,07:45-50,0,0,113,108.0
JehangirChowk,j3,UP,2026-09-10 07:50:00,33,50,6,18,107,7,50,07:50-55,0,0,102,107.33
JehangirChowk,j3,UP,2026-09-10 07:55:00,30,47,6,16,99,7,55,07:55-00,0,0,107,102.67
JehangirChowk,j3,UP,2026-09-10 08:00:00,61,84,10,18,173,8,0,08:00-05,1,0,99,126.33
JehangirChowk,j3,UP,2026-09-10 08:05:00,70,92,17,13,192,8,5,08:05-10,1,0,173,154.67
JehangirChowk,j3,UP,2026-09-10 08:10:00,63,93,15,3,174,8,10,08:10-15,1,0,192,179.67
JehangirChowk,j3,UP,2026-09-10 08:15:00,63,92,9,7,171,8,15,08:15-20,1,0,174,179.0
JehangirChowk,j3,UP,2026-09-10 08:20:00,67,94,14,8,183,8,20,08:20-25,1,0,171,176.0
JehangirChowk,j3,UP,2026-09-10 08:25:00,57,86,12,14,169,8,25,08:25-30,1,0,183,174.33
JehangirChowk,j3,UP,2026-09-10 08:30:00,61,86,14,14,175,8,30,08:30-35,1,0,169,175.67
JehangirChowk,j3,UP,2026-09-10 08:35:00,64,88,11,26,189,8,35,08:35-40,1,0,175,177.67
JehangirChowk,j3,UP,2026-09-10 08:40:00,60,100,9,18,187,8,40,08:40-45,1,0,189,183.67
JehangirChowk,j3,UP,2026-09-10 08:45:00,61,89,13,9,172,8,45,08:45-50,1,0,187,182.67
JehangirChowk,j3,UP,2026-09-10 08:50:00,48,77,11,23,159,8,50,08:50-55,1,0,172,172.67
JehangirChowk,j3,UP,2026-09-10 08:55:00,60,86,10,25,181,8,55,08:55-00,1,0,159,170.67
JehangirChowk,j3,UP,2026-09-10 09:00:00,60,84,12,18,174,9,0,09:00-05,1,0,181,171.33
JehangirChowk,j3,UP,2026-09-10 09:05:00,65,99,15,21,200,9,5,09:05-10,1,0,174,185.0
JehangirChowk,j3,UP,2026-09-10 09:10:00,61,95,10,16,182,9,10,09:10-15,1,0,200,185.33
JehangirChowk,j3,UP,2026-09-10 09:15:00,59,94,8,17,178,9,15,09:15-20,1,0,182,186.67
JehangirChowk,j3,UP,2026-09-10 09:20:00,57,94,13,20,184,9,20,09:20-25,1,0,178,181.33
JehangirChowk,j3,UP,2026-09-10 09:25:00,65,82,10,17,174,9,25,09:25-30,1,0,184,178.67
JehangirChowk,j3,UP,2026-09-10 09:30:00,63,83,9,16,171,9,30,09:30-35,1,0,174,176.33
JehangirChowk,j3,UP,2026-09-10 09:35:00,54,83,13,19,169,9,35,09:35-40,1,0,171,171.33
JehangirChowk,j3,UP,2026-09-10 09:40:00,53,91,12,22,178,9,40,09:40-45,1,0,169,172.67
JehangirChowk,j3,UP,2026-09-10 09:45:00,61,91,14,28,194,9,45,09:45-50,1,0,178,180.33
JehangirChowk,j3,UP,2026-09-10 09:50:00,74,102,13,7,196,9,50,09:50-55,1,0,194,189.33
JehangirChowk,j3,UP,2026-09-10 09:55:00,54,83,11,30,178,9,55,09:55-00,1,0,196,189.33
JehangirChowk,j3,UP,2026-09-10 10:00:00,65,85,9,17,176,10,0,10:00-05,1,0,178,183.33
JehangirChowk,j3,UP,2026-09-10 10:05:00,61,89,9,12,171,10,5,10:05-10,1,0,176,175.0
JehangirChowk,j3,DOWN,2026-09-10 07:05:00,38,53,8,10,109,7,5,07:05-10,0,0,114,111.5
JehangirChowk,j3,DOWN,2026-09-10 07:10:00,42,58,6,8,114,7,10,07:10-15,0,0,109,112.33
JehangirChowk,j3,DOWN,2026-09-10 07:15:00,41,54,8,13,116,7,15,07:15-20,0,0,114,113.0
JehangirChowk,j3,DOWN,2026-09-10 07:20:00,29,46,5,15,95,7,20,07:20-25,0,0,116,108.33
JehangirChowk,j3,DOWN,2026-09-10 07:25:00,42,57,9,15,123,7,25,07:25-30,0,0,95,111.33
JehangirChowk,j3,DOWN,2026-09-10 07:30:00,36,51,7,5,99,7,30,07:30-35,0,0,123,105.67
JehangirChowk,j3,DOWN,2026-09-10 07:35:00,34,48,7,12,101,7,35,07:35-40,0,0,99,107.67
JehangirChowk,j3,DOWN,2026-09-10 07:40:00,40,50,9,10,109,7,40,07:40-45,0,0,101,103.0
JehangirChowk,j3,DOWN,2026-09-10 07:45:00,31,51,7,14,103,7,45,07:45-50,0,0,109,104.33
JehangirChowk,j3,DOWN,2026-09-10 07:50:00,38,54,8,2,102,7,50,07:50-55,0,0,103,104.67
JehangirChowk,j3,DOWN,2026-09-10 07:55:00,38,48,7,11,104,7,55,07:55-00,0,0,102,103.0
JehangirChowk,j3,DOWN,2026-09-10 08:00:00,61,85,13,5,164,8,0,08:00-05,1,0,104,123.33
JehangirChowk,j3,DOWN,2026-09-10 08:05:00,58,87,11,34,190,8,5,08:05-10,1,0,164,152.67
JehangirChowk,j3,DOWN,2026-09-10 08:10:00,61,94,13,13,181,8,10,08:10-15,1,0,190,178.33
JehangirChowk,j3,DOWN,2026-09-10 08:15:00,59,89,13,17,178,8,15,08:15-20,1,0,181,183.0
JehangirChowk,j3,DOWN,2026-09-10 08:20:00,61,96,11,22,190,8,20,08:20-25,1,0,178,183.0
JehangirChowk,j3,DOWN,2026-09-10 08:25:00,58,92,15,19,184,8,25,08:25-30,1,0,190,184.0
JehangirChowk,j3,DOWN,2026-09-10 08:30:00,60,83,12,9,164,8,30,08:30-35,1,0,184,179.33
JehangirChowk,j3,DOWN,2026-09-10 08:35:00,61,80,13,20,174,8,35,08:35-40,1,0,164,174.0
JehangirChowk,j3,DOWN,2026-09-10 08:40:00,59,83,12,25,179,8,40,08:40-45,1,0,174,172.33
JehangirChowk,j3,DOWN,2026-09-10 08:45:00,56,88,13,16,173,8,45,08:45-50,1,0,179,175.33
JehangirChowk,j3,DOWN,2026-09-10 08:50:00,62,90,9,15,176,8,50,08:50-55,1,0,173,176.0
JehangirChowk,j3,DOWN,2026-09-10 08:55:00,58,91,13,8,170,8,55,08:55-00,1,0,176,173.0
JehangirChowk,j3,DOWN,2026-09-10 09:00:00,63,82,10,20,175,9,0,09:00-05,1,0,170,173.67
JehangirChowk,j3,DOWN,2026-09-10 09:05:00,61,89,8,11,169,9,5,09:05-10,1,0,175,171.33
JehangirChowk,j3,DOWN,2026-09-10 09:10:00,64,83,13,20,180,9,10,09:10-15,1,0,169,174.67
JehangirChowk,j3,DOWN,2026-09-10 09:15:00,56,77,10,24,167,9,15,09:15-20,1,0,180,172.0
JehangirChowk,j3,DOWN,2026-09-10 09:20:00,51,78,8,23,160,9,20,09:20-25,1,0,167,169.0
JehangirChowk,j3,DOWN,2026-09-10 09:25:00,62,89,10,15,176,9,25,09:25-30,1,0,160,167.67
JehangirChowk,j3,DOWN,2026-09-10 09:30:00,55,91,11,16,173,9,30,09:30-35,1,0,176,169.67
JehangirChowk,j3,DOWN,2026-09-10 09:35:00,54,86,15,21,176,9,35,09:35-40,1,0,173,175.0
JehangirChowk,j3,DOWN,2026-09-10 09:40:00,66,99,12,9,186,9,40,09:40-45,1,0,176,178.33
JehangirChowk,j3,DOWN,2026-09-10 09:45:00,54,79,12,19,164,9,45,09:45-50,1,0,186,175.33
JehangirChowk,j3,DOWN,2026-09-10 09:50:00,59,86,15,16,176,9,50,09:50-55,1,0,164,175.33
JehangirChowk,j3,DOWN,2026-09-10 09:55:00,65,85,16,15,181,9,55,09:55-00,1,0,176,173.67
JehangirChowk,j3,DOWN,2026-09-10 10:00:00,58,89,15,19,181,10,0,10:00-05,1,0,181,179.33
JehangirChowk,j3,DOWN,2026-09-10 10:05:00,60,85,8,22,175,10,5,10:05-10,1,0,181,179.0
JehangirChowk,j3,LEFT,2026-09-10 07:05:00,29,43,6,8,86,7,5,07:05-10,0,0,81,83.5
JehangirChowk,j3,LEFT,2026-09-10 07:10:00,26,43,4,10,83,7,10,07:10-15,0,0,86,83.33
JehangirChowk,j3,LEFT,2026-09-10 07:15:00,28,44,5,13,90,7,15,07:15-20,0,0,83,86.33
JehangirChowk,j3,LEFT,2026-09-10 07:20:00,25,45,6,9,85,7,20,07:20-25,0,0,90,86.0
JehangirChowk,j3,LEFT,2026-09-10 07:25:00,24,36,3,6,69,7,25,07:25-30,0,0,85,81.33
JehangirChowk,j3,LEFT,2026-09-10 07:30:00,22,37,6,10,75,7,30,07:30-35,0,0,69,76.33
JehangirChowk,j3,LEFT,2026-09-10 07:35:00,23,40,6,9,78,7,35,07:35-40,0,0,75,74.0
JehangirChowk,j3,LEFT,2026-09-10 07:40:00,27,43,7,7,84,7,40,07:40-45,0,0,78,79.0
JehangirChowk,j3,LEFT,2026-09-10 07:45:00,23,35,4,13,75,7,45,07:45-50,0,0,84,79.0
JehangirChowk,j3,LEFT,2026-09-10 07:50:00,26,40,7,7,80,7,50,07:50-55,0,0,75,79.67
JehangirChowk,j3,LEFT,2026-09-10 07:55:00,24,36,4,13,77,7,55,07:55-00,0,0,80,77.33
JehangirChowk,j3,LEFT,2026-09-10 08:00:00,42,67,7,15,131,8,0,08:00-05,1,0,77,96.0
JehangirChowk,j3,LEFT,2026-09-10 08:05:00,36,53,9,16,114,8,5,08:05-10,1,0,131,107.33
JehangirChowk,j3,LEFT,2026-09-10 08:10:00,41,58,8,16,123,8,10,08:10-15,1,0,114,122.67
JehangirChowk,j3,LEFT,2026-09-10 08:15:00,47,62,7,9,125,8,15,08:15-20,1,0,123,120.67
JehangirChowk,j3,LEFT,2026-09-10 08:20:00,39,58,9,19,125,8,20,08:20-25,1,0,125,124.33
JehangirChowk,j3,LEFT,2026-09-10 08:25:00,47,70,6,11,134,8,25,08:25-30,1,0,125,128.0
JehangirChowk,j3,LEFT,2026-09-10 08:30:00,41,61,8,21,131,8,30,08:30-35,1,0,134,130.0
JehangirChowk,j3,LEFT,2026-09-10 08:35:00,42,60,7,11,120,8,35,08:35-40,1,0,131,128.33
JehangirChowk,j3,LEFT,2026-09-10 08:40:00,43,63,10,13,129,8,40,08:40-45,1,0,120,126.67
JehangirChowk,j3,LEFT,2026-09-10 08:45:00,42,60,10,15,127,8,45,08:45-50,1,0,129,125.33
JehangirChowk,j3,LEFT,2026-09-10 08:50:00,48,67,7,6,128,8,50,08:50-55,1,0,127,128.0
JehangirChowk,j3,LEFT,2026-09-10 08:55:00,42,67,9,10,128,8,55,08:55-00,1,0,128,127.67
JehangirChowk,j3,LEFT,2026-09-10 09:00:00,43,57,6,14,120,9,0,09:00-05,1,0,128,125.33
JehangirChowk,j3,LEFT,2026-09-10 09:05:00,43,54,7,14,118,9,5,09:05-10,1,0,120,122.0
JehangirChowk,j3,LEFT,2026-09-10 09:10:00,46,74,7,14,141,9,10,09:10-15,1,0,118,126.33
JehangirChowk,j3,LEFT,2026-09-10 09:15:00,44,70,10,17,141,9,15,09:15-20,1,0,141,133.33
JehangirChowk,j3,LEFT,2026-09-10 09:20:00,46,60,7,18,131,9,20,09:20-25,1,0,141,137.67
JehangirChowk,j3,LEFT,2026-09-10 09:25:00,37,56,7,19,119,9,25,09:25-30,1,0,131,130.33
JehangirChowk,j3,LEFT,2026-09-10 09:30:00,41,65,7,16,129,9,30,09:30-35,1,0,119,126.33
JehangirChowk,j3,LEFT,2026-09-10 09:35:00,43,62,6,15,126,9,35,09:35-40,1,0,129,124.67
JehangirChowk,j3,LEFT,2026-09-10 09:40:00,46,59,8,13,126,9,40,09:40-45,1,0,126,127.0
JehangirChowk,j3,LEFT,2026-09-10 09:45:00,48,67,10,7,132,9,45,09:45-50,1,0,126,128.0
JehangirChowk,j3,LEFT,2026-09-10 09:50:00,49,69,9,16,143,9,50,09:50-55,1,0,132,133.67
JehangirChowk,j3,LEFT,2026-09-10 09:55:00,42,67,8,9,126,9,55,09:55-00,1,0,143,133.67
JehangirChowk,j3,LEFT,2026-09-10 10:00:00,48,62,10,10,130,10,0,10:00-05,1,0,126,133.0
JehangirChowk,j3,LEFT,2026-09-10 10:05:00,50,62,9,13,134,10,5,10:05-10,1,0,130,130.0
JehangirChowk,j3,RIGHT,2026-09-10 07:05:00,20,27,4,6,57,7,5,07:05-10,0,0,81,69.0
JehangirChowk,j3,RIGHT,2026-09-10 07:10:00,35,45,7,9,96,7,10,07:10-15,0,0,57,78.0
JehangirChowk,j3,RIGHT,2026-09-10 07:15:00,31,41,7,6,85,7,15,07:15-20,0,0,96,79.33
JehangirChowk,j3,RIGHT,2026-09-10 07:20:00,29,43,7,3,82,7,20,07:20-25,0,0,85,87.67
JehangirChowk,j3,RIGHT,2026-09-10 07:25:00,30,39,7,9,85,7,25,07:25-30,0,0,82,84.0
JehangirChowk,j3,RIGHT,2026-09-10 07:30:00,27,34,6,5,72,7,30,07:30-35,0,0,85,79.67
JehangirChowk,j3,RIGHT,2026-09-10 07:35:00,24,37,5,10,76,7,35,07:35-40,0,0,72,77.67
JehangirChowk,j3,RIGHT,2026-09-10 07:40:00,28,39,4,11,82,7,40,07:40-45,0,0,76,76.67
JehangirChowk,j3,RIGHT,2026-09-10 07:45:00,25,43,4,9,81,7,45,07:45-50,0,0,82,79.67
JehangirChowk,j3,RIGHT,2026-09-10 07:50:00,24,40,3,9,76,7,50,07:50-55,0,0,81,79.67
JehangirChowk,j3,RIGHT,2026-09-10 07:55:00,25,33,5,4,67,7,55,07:55-00,0,0,76,74.67
JehangirChowk,j3,RIGHT,2026-09-10 08:00:00,45,73,12,7,137,8,0,08:00-05,1,0,67,93.33
JehangirChowk,j3,RIGHT,2026-09-10 08:05:00,34,55,7,17,113,8,5,08:05-10,1,0,137,105.67
JehangirChowk,j3,RIGHT,2026-09-10 08:10:00,47,70,11,3,131,8,10,08:10-15,1,0,113,127.0
JehangirChowk,j3,RIGHT,2026-09-10 08:15:00,41,67,11,12,131,8,15,08:15-20,1,0,131,125.0
JehangirChowk,j3,RIGHT,2026-09-10 08:20:00,38,62,8,12,120,8,20,08:20-25,1,0,131,127.33
JehangirChowk,j3,RIGHT,2026-09-10 08:25:00,35,51,8,14,108,8,25,08:25-30,1,0,120,119.67
JehangirChowk,j3,RIGHT,2026-09-10 08:30:00,51,73,8,5,137,8,30,08:30-35,1,0,108,121.67
JehangirChowk,j3,RIGHT,2026-09-10 08:35:00,51,73,7,6,137,8,35,08:35-40,1,0,137,127.33
JehangirChowk,j3,RIGHT,2026-09-10 08:40:00,35,59,8,9,111,8,40,08:40-45,1,0,137,128.33
JehangirChowk,j3,RIGHT,2026-09-10 08:45:00,35,61,9,10,115,8,45,08:45-50,1,0,111,121.0
JehangirChowk,j3,RIGHT,2026-09-10 08:50:00,47,61,6,15,129,8,50,08:50-55,1,0,115,118.33
JehangirChowk,j3,RIGHT,2026-09-10 08:55:00,53,78,12,9,152,8,55,08:55-00,1,0,129,132.0
JehangirChowk,j3,RIGHT,2026-09-10 09:00:00,36,58,7,20,121,9,0,09:00-05,1,0,152,134.0
JehangirChowk,j3,RIGHT,2026-09-10 09:05:00,38,60,8,23,129,9,5,09:05-10,1,0,121,134.0
JehangirChowk,j3,RIGHT,2026-09-10 09:10:00,42,66,8,9,125,9,10,09:10-15,1,0,129,125.0
JehangirChowk,j3,RIGHT,2026-09-10 09:15:00,32,52,7,13,104,9,15,09:15-20,1,0,125,119.33
JehangirChowk,j3,RIGHT,2026-09-10 09:20:00,42,70,7,17,136,9,20,09:20-25,1,0,104,121.67
JehangirChowk,j3,RIGHT,2026-09-10 09:25:00,37,61,7,12,117,9,25,09:25-30,1,0,136,119.0
JehangirChowk,j3,RIGHT,2026-09-10 09:30:00,42,61,10,17,130,9,30,09:30-35,1,0,117,127.67
JehangirChowk,j3,RIGHT,2026-09-10 09:35:00,46,63,6,11,126,9,35,09:35-40,1,0,130,124.33
JehangirChowk,j3,RIGHT,2026-09-10 09:40:00,35,58,10,14,117,9,40,09:40-45,1,0,126,124.33
JehangirChowk,j3,RIGHT,2026-09-10 09:45:00,44,56,6,14,120,9,45,09:45-50,1,0,117,121.0
JehangirChowk,j3,RIGHT,2026-09-10 09:50:00,46,62,10,14,132,9,50,09:50-55,1,0,120,123.0
JehangirChowk,j3,RIGHT,2026-09-10 09:55:00,42,67,8,14,131,9,55,09:55-00,1,0,132,127.67
JehangirChowk,j3,RIGHT,2026-09-10 10:00:00,46,64,7,10,127,10,0,10:00-05,1,0,131,130.0
JehangirChowk,j3,RIGHT,2026-09-10 10:05:00,43,63,8,16,130,10,5,10:05-10,1,0,127,129.33
RTOChowk,r1,UP,2026-09-10 07:05:00,39,61,10,18,128,7,5,07:05-10,0,0,133,130.5
RTOChowk,r1,UP,2026-09-10 07:10:00,47,67,7,15,136,7,10,07:10-15,0,0,128,132.33
RTOChowk,r1,UP,2026-09-10 07:15:00,46,75,12,16,149,7,15,07:15-20,0,0,136,137.67
RTOChowk,r1,UP,2026-09-10 07:20:00,44,63,7,19,133,7,20,07:20-25,0,0,149,139.33
RTOChowk,r1,UP,2026-09-10 07:25:00,45,71,11,21,148,7,25,07:25-30,0,0,133,143.33
RTOChowk,r1,UP,2026-09-10 07:30:00,47,67,12,12,138,7,30,07:30-35,0,0,148,139.67
RTOChowk,r1,UP,2026-09-10 07:35:00,46,68,11,11,136,7,35,07:35-40,0,0,138,140.67
RTOChowk,r1,UP,2026-09-10 07:40:00,53,72,9,10,144,7,40,07:40-45,0,0,136,139.33
RTOChowk,r1,UP,2026-09-10 07:45:00,44,69,6,12,131,7,45,07:45-50,0,0,144,137.0
RTOChowk,r1,UP,2026-09-10 07:50:00,56,76,12,9,153,7,50,07:50-55,0,0,131,142.67
RTOChowk,r1,UP,2026-09-10 07:55:00,45,67,7,12,131,7,55,07:55-00,0,0,153,138.33
RTOChowk,r1,UP,2026-09-10 08:00:00,85,121,18,2,226,8,0,08:00-05,1,0,131,170.0
RTOChowk,r1,UP,2026-09-10 08:05:00,71,101,19,24,215,8,5,08:05-10,1,0,226,190.67
RTOChowk,r1,UP,2026-09-10 08:10:00,64,89,10,12,175,8,10,08:10-15,1,0,215,205.33
RTOChowk,r1,UP,2026-09-10 08:15:00,92,131,13,11,247,8,15,08:15-20,1,0,175,212.33
RTOChowk,r1,UP,2026-09-10 08:20:00,68,103,14,28,213,8,20,08:20-25,1,0,247,211.67
RTOChowk,r1,UP,2026-09-10 08:25:00,85,124,17,9,235,8,25,08:25-30,1,0,213,231.67
RTOChowk,r1,UP,2026-09-10 08:30:00,65,103,15,26,209,8,30,08:30-35,1,0,235,219.0
RTOChowk,r1,UP,2026-09-10 08:35:00,83,116,19,5,223,8,35,08:35-40,1,0,209,222.33
RTOChowk,r1,UP,2026-09-10 08:40:00,74,105,13,26,218,8,40,08:40-45,1,0,223,216.67
RTOChowk,r1,UP,2026-09-10 08:45:00,73,109,15,25,222,8,45,08:45-50,1,0,218,221.0
RTOChowk,r1,UP,2026-09-10 08:50:00,69,107,16,30,222,8,50,08:50-55,1,0,222,220.67
RTOChowk,r1,UP,2026-09-10 08:55:00,67,114,18,23,222,8,55,08:55-00,1,0,222,222.0
RTOChowk,r1,UP,2026-09-10 09:00:00,81,113,18,7,219,9,0,09:00-05,1,0,222,221.0
RTOChowk,r1,UP,2026-09-10 09:05:00,85,108,14,28,235,9,5,09:05-10,1,0,219,225.33
RTOChowk,r1,UP,2026-09-10 09:10:00,68,114,18,22,222,9,10,09:10-15,1,0,235,225.33
RTOChowk,r1,UP,2026-09-10 09:15:00,91,114,16,22,243,9,15,09:15-20,1,0,222,233.33
RTOChowk,r1,UP,2026-09-10 09:20:00,81,113,13,24,231,9,20,09:20-25,1,0,243,232.0
RTOChowk,r1,UP,2026-09-10 09:25:00,78,102,17,17,214,9,25,09:25-30,1,0,231,229.33
RTOChowk,r1,UP,2026-09-10 09:30:00,77,119,12,19,227,9,30,09:30-35,1,0,214,224.0
RTOChowk,r1,UP,2026-09-10 09:35:00,66,94,10,24,194,9,35,09:35-40,1,0,227,211.67
RTOChowk,r1,UP,2026-09-10 09:40:00,77,113,20,35,245,9,40,09:40-45,1,0,194,222.0
RTOChowk,r1,UP,2026-09-10 09:45:00,63,104,13,19,199,9,45,09:45-50,1,0,245,212.67
RTOChowk,r1,UP,2026-09-10 09:50:00,90,119,17,21,247,9,50,09:50-55,1,0,199,230.33
RTOChowk,r1,UP,2026-09-10 09:55:00,66,108,10,29,213,9,55,09:55-00,1,0,247,219.67
RTOChowk,r1,UP,2026-09-10 10:00:00,77,99,15,19,210,10,0,10:00-05,1,0,213,223.33
RTOChowk,r1,UP,2026-09-10 10:05:00,75,117,20,28,240,10,5,10:05-10,1,0,210,221.0
RTOChowk,r1,DOWN,2026-09-10 07:05:00,47,63,10,5,125,7,5,07:05-10,0,0,140,132.5
RTOChowk,r1,DOWN,2026-09-10 07:10:00,43,63,6,19,131,7,10,07:10-15,0,0,125,132.0
RTOChowk,r1,DOWN,2026-09-10 07:15:00,46,66,6,10,128,7,15,07:15-20,0,0,131,128.0
RTOChowk,r1,DOWN,2026-09-10 07:20:00,45,77,9,21,152,7,20,07:20-25,0,0,128,137.0
RTOChowk,r1,DOWN,2026-09-10 07:25:00,42,69,11,10,132,7,25,07:25-30,0,0,152,137.33
RTOChowk,r1,DOWN,2026-09-10 07:30:00,43,65,7,18,133,7,30,07:30-35,0,0,132,139.0
RTOChowk,r1,DOWN,2026-09-10 07:35:00,46,65,10,11,132,7,35,07:35-40,0,0,133,132.33
RTOChowk,r1,DOWN,2026-09-10 07:40:00,48,68,11,9,136,7,40,07:40-45,0,0,132,133.67
RTOChowk,r1,DOWN,2026-09-10 07:45:00,50,70,10,13,143,7,45,07:45-50,0,0,136,137.0
RTOChowk,r1,DOWN,2026-09-10 07:50:00,52,64,10,12,138,7,50,07:50-55,0,0,143,139.0
RTOChowk,r1,DOWN,2026-09-10 07:55:00,46,76,11,11,144,7,55,07:55-00,0,0,138,141.67
RTOChowk,r1,DOWN,2026-09-10 08:00:00,85,111,20,20,236,8,0,08:00-05,1,0,144,172.67
RTOChowk,r1,DOWN,2026-09-10 08:05:00,79,113,16,9,217,8,5,08:05-10,1,0,236,199.0
RTOChowk,r1,DOWN,2026-09-10 08:10:00,74,109,19,10,212,8,10,08:10-15,1,0,217,221.67
RTOChowk,r1,DOWN,2026-09-10 08:15:00,68,98,13,26,205,8,15,08:15-20,1,0,212,211.33
RTOChowk,r1,DOWN,2026-09-10 08:20:00,78,125,19,27,249,8,20,08:20-25,1,0,205,222.0
RTOChowk,r1,DOWN,2026-09-10 08:25:00,79,110,18,24,231,8,25,08:25-30,1,0,249,228.33
RTOChowk,r1,DOWN,2026-09-10 08:30:00,90,122,20,13,245,8,30,08:30-35,1,0,231,241.67
RTOChowk,r1,DOWN,2026-09-10 08:35:00,66,112,11,23,212,8,35,08:35-40,1,0,245,229.33
RTOChowk,r1,DOWN,2026-09-10 08:40:00,84,122,13,15,234,8,40,08:40-45,1,0,212,230.33
RTOChowk,r1,DOWN,2026-09-10 08:45:00,76,120,12,26,234,8,45,08:45-50,1,0,234,226.67
RTOChowk,r1,DOWN,2026-09-10 08:50:00,75,101,13,20,209,8,50,08:50-55,1,0,234,225.67
RTOChowk,r1,DOWN,2026-09-10 08:55:00,79,118,20,29,246,8,55,08:55-00,1,0,209,229.67
RTOChowk,r1,DOWN,2026-09-10 09:00:00,72,98,10,14,194,9,0,09:00-05,1,0,246,216.33
RTOChowk,r1,DOWN,2026-09-10 09:05:00,78,122,19,12,231,9,5,09:05-10,1,0,194,223.67
RTOChowk,r1,DOWN,2026-09-10 09:10:00,79,99,11,26,215,9,10,09:10-15,1,0,231,213.33
RTOChowk,r1,DOWN,2026-09-10 09:15:00,77,111,17,29,234,9,15,09:15-20,1,0,215,226.67
RTOChowk,r1,DOWN,2026-09-10 09:20:00,85,116,19,20,240,9,20,09:20-25,1,0,234,229.67
RTOChowk,r1,DOWN,2026-09-10 09:25:00,75,107,12,22,216,9,25,09:25-30,1,0,240,230.0
RTOChowk,r1,DOWN,2026-09-10 09:30:00,80,107,12,25,224,9,30,09:30-35,1,0,216,226.67
RTOChowk,r1,DOWN,2026-09-10 09:35:00,75,116,18,15,224,9,35,09:35-40,1,0,224,221.33
RTOChowk,r1,DOWN,2026-09-10 09:40:00,81,124,21,18,244,9,40,09:40-45,1,0,224,230.67
RTOChowk,r1,DOWN,2026-09-10 09:45:00,71,116,13,37,237,9,45,09:45-50,1,0,244,235.0
RTOChowk,r1,DOWN,2026-09-10 09:50:00,81,108,12,22,223,9,50,09:50-55,1,0,237,234.67
RTOChowk,r1,DOWN,2026-09-10 09:55:00,79,116,13,19,227,9,55,09:55-00,1,0,223,229.0
RTOChowk,r1,DOWN,2026-09-10 10:00:00,72,103,16,29,220,10,0,10:00-05,1,0,227,223.33
RTOChowk,r1,DOWN,2026-09-10 10:05:00,77,100,13,22,212,10,5,10:05-10,1,0,220,219.67
RTOChowk,r1,LEFT,2026-09-10 07:05:00,36,60,9,7,112,7,5,07:05-10,0,0,98,105.0
RTOChowk,r1,LEFT,2026-09-10 07:10:00,36,52,6,4,98,7,10,07:10-15,0,0,112,102.67
RTOChowk,r1,LEFT,2026-09-10 07:15:00,37,49,5,13,104,7,15,07:15-20,0,0,98,104.67
RTOChowk,r1,LEFT,2026-09-10 07:20:00,32,47,7,14,100,7,20,07:20-25,0,0,104,100.67
RTOChowk,r1,LEFT,2026-09-10 07:25:00,33,42,5,11,91,7,25,07:25-30,0,0,100,98.33
RTOChowk,r1,LEFT,2026-09-10 07:30:00,34,53,7,5,99,7,30,07:30-35,0,0,91,96.67
RTOChowk,r1,LEFT,2026-09-10 07:35:00,35,46,6,13,100,7,35,07:35-40,0,0,99,96.67
RTOChowk,r1,LEFT,2026-09-10 07:40:00,29,46,7,12,94,7,40,07:40-45,0,0,100,97.67
RTOChowk,r1,LEFT,2026-09-10 07:45:00,34,54,8,11,107,7,45,07:45-50,0,0,94,100.33
RTOChowk,r1,LEFT,2026-09-10 07:50:00,30,49,8,11,98,7,50,07:50-55,0,0,107,99.67
RTOChowk,r1,LEFT,2026-09-10 07:55:00,34,44,5,13,96,7,55,07:55-00,0,0,98,100.33
RTOChowk,r1,LEFT,2026-09-10 08:00:00,52,78,10,26,166,8,0,08:00-05,1,0,96,120.0
RTOChowk,r1,LEFT,2026-09-10 08:05:00,52,83,12,19,166,8,5,08:05-10,1,0,166,142.67
RTOChowk,r1,LEFT,2026-09-10 08:10:00,50,80,14,17,161,8,10,08:10-15,1,0,166,164.33
RTOChowk,r1,LEFT,2026-09-10 08:15:00,49,80,12,24,165,8,15,08:15-20,1,0,161,164.0
RTOChowk,r1,LEFT,2026-09-10 08:20:00,56,92,9,23,180,8,20,08:20-25,1,0,165,168.67
RTOChowk,r1,LEFT,2026-09-10 08:25:00,53,75,8,14,150,8,25,08:25-30,1,0,180,165.0
RTOChowk,r1,LEFT,2026-09-10 08:30:00,52,87,11,12,162,8,30,08:30-35,1,0,150,164.0
RTOChowk,r1,LEFT,2026-09-10 08:35:00,53,80,8,30,171,8,35,08:35-40,1,0,162,161.0
RTOChowk,r1,LEFT,2026-09-10 08:40:00,56,76,8,17,157,8,40,08:40-45,1,0,171,163.33
RTOChowk,r1,LEFT,2026-09-10 08:45:00,55,94,15,18,182,8,45,08:45-50,1,0,157,170.0
RTOChowk,r1,LEFT,2026-09-10 08:50:00,53,77,11,18,159,8,50,08:50-55,1,0,182,166.0
RTOChowk,r1,LEFT,2026-09-10 08:55:00,47,82,12,15,156,8,55,08:55-00,1,0,159,165.67
RTOChowk,r1,LEFT,2026-09-10 09:00:00,53,89,10,15,167,9,0,09:00-05,1,0,156,160.67
RTOChowk,r1,LEFT,2026-09-10 09:05:00,62,91,13,7,173,9,5,09:05-10,1,0,167,165.33
RTOChowk,r1,LEFT,2026-09-10 09:10:00,49,84,14,17,164,9,10,09:10-15,1,0,173,168.0
RTOChowk,r1,LEFT,2026-09-10 09:15:00,52,74,11,20,157,9,15,09:15-20,1,0,164,164.67
RTOChowk,r1,LEFT,2026-09-10 09:20:00,55,79,10,24,168,9,20,09:20-25,1,0,157,163.0
RTOChowk,r1,LEFT,2026-09-10 09:25:00,51,67,12,16,146,9,25,09:25-30,1,0,168,157.0
RTOChowk,r1,LEFT,2026-09-10 09:30:00,51,89,11,17,168,9,30,09:30-35,1,0,146,160.67
RTOChowk,r1,LEFT,2026-09-10 09:35:00,51,74,10,26,161,9,35,09:35-40,1,0,168,158.33
RTOChowk,r1,LEFT,2026-09-10 09:40:00,54,81,11,11,157,9,40,09:40-45,1,0,161,162.0
RTOChowk,r1,LEFT,2026-09-10 09:45:00,51,78,9,8,146,9,45,09:45-50,1,0,157,154.67
RTOChowk,r1,LEFT,2026-09-10 09:50:00,51,67,8,19,145,9,50,09:50-55,1,0,146,149.33
RTOChowk,r1,LEFT,2026-09-10 09:55:00,56,78,10,16,160,9,55,09:55-00,1,0,145,150.33
RTOChowk,r1,LEFT,2026-09-10 10:00:00,51,91,12,16,170,10,0,10:00-05,1,0,160,158.33
RTOChowk,r1,LEFT,2026-09-10 10:05:00,55,70,12,13,150,10,5,10:05-10,1,0,170,160.0
RTOChowk,r1,RIGHT,2026-09-10 07:05:00,31,45,7,16,99,7,5,07:05-10,0,0,103,101.0
RTOChowk,r1,RIGHT,2026-09-10 07:10:00,34,47,6,9,96,7,10,07:10-15,0,0,99,99.33
RTOChowk,r1,RIGHT,2026-09-10 07:15:00,34,54,5,11,104,7,15,07:15-20,0,0,96,99.67
RTOChowk,r1,RIGHT,2026-09-10 07:20:00,29,42,6,13,90,7,20,07:20-25,0,0,104,96.67
RTOChowk,r1,RIGHT,2026-09-10 07:25:00,31,46,7,17,101,7,25,07:25-30,0,0,90,98.33
RTOChowk,r1,RIGHT,2026-09-10 07:30:00,30,48,7,11,96,7,30,07:30-35,0,0,101,95.67
RTOChowk,r1,RIGHT,2026-09-10 07:35:00,31,51,5,10,97,7,35,07:35-40,0,0,96,98.0
RTOChowk,r1,RIGHT,2026-09-10 07:40:00,35,51,7,9,102,7,40,07:40-45,0,0,97,98.33
RTOChowk,r1,RIGHT,2026-09-10 07:45:00,38,55,5,10,108,7,45,07:45-50,0,0,102,102.33
RTOChowk,r1,RIGHT,2026-09-10 07:50:00,37,49,8,7,101,7,50,07:50-55,0,0,108,103.67
RTOChowk,r1,RIGHT,2026-09-10 07:55:00,32,46,7,11,96,7,55,07:55-00,0,0,101,101.67
RTOChowk,r1,RIGHT,2026-09-10 08:00:00,60,79,13,17,169,8,0,08:00-05,1,0,96,122.0
RTOChowk,r1,RIGHT,2026-09-10 08:05:00,57,76,9,22,164,8,5,08:05-10,1,0,169,143.0
RTOChowk,r1,RIGHT,2026-09-10 08:10:00,62,85,13,13,173,8,10,08:10-15,1,0,164,168.67
RTOChowk,r1,RIGHT,2026-09-10 08:15:00,52,73,13,19,157,8,15,08:15-20,1,0,173,164.67
RTOChowk,r1,RIGHT,2026-09-10 08:20:00,57,88,12,13,170,8,20,08:20-25,1,0,157,166.67
RTOChowk,r1,RIGHT,2026-09-10 08:25:00,46,79,10,14,149,8,25,08:25-30,1,0,170,158.67
RTOChowk,r1,RIGHT,2026-09-10 08:30:00,58,85,11,5,159,8,30,08:30-35,1,0,149,159.33
RTOChowk,r1,RIGHT,2026-09-10 08:35:00,60,81,9,12,162,8,35,08:35-40,1,0,159,156.67
RTOChowk,r1,RIGHT,2026-09-10 08:40:00,48,68,10,20,146,8,40,08:40-45,1,0,162,155.67
RTOChowk,r1,RIGHT,2026-09-10 08:45:00,52,81,10,11,154,8,45,08:45-50,1,0,146,154.0
RTOChowk,r1,RIGHT,2026-09-10 08:50:00,60,97,16,14,187,8,50,08:50-55,1,0,154,162.33
RTOChowk,r1,RIGHT,2026-09-10 08:55:00,53,85,8,13,159,8,55,08:55-00,1,0,187,166.67
RTOChowk,r1,RIGHT,2026-09-10 09:00:00,47,76,11,13,147,9,0,09:00-05,1,0,159,164.33
RTOChowk,r1,RIGHT,2026-09-10 09:05:00,61,90,15,6,172,9,5,09:05-10,1,0,147,159.33
RTOChowk,r1,RIGHT,2026-09-10 09:10:00,50,80,10,17,157,9,10,09:10-15,1,0,172,158.67
RTOChowk,r1,RIGHT,2026-09-10 09:15:00,59,80,11,7,157,9,15,09:15-20,1,0,157,162.0
RTOChowk,r1,RIGHT,2026-09-10 09:20:00,57,90,9,19,175,9,20,09:20-25,1,0,157,163.0
RTOChowk,r1,RIGHT,2026-09-10 09:25:00,53,77,11,18,159,9,25,09:25-30,1,0,175,163.67
RTOChowk,r1,RIGHT,2026-09-10 09:30:00,57,81,9,9,156,9,30,09:30-35,1,0,159,163.33
RTOChowk,r1,RIGHT,2026-09-10 09:35:00,55,80,10,7,152,9,35,09:35-40,1,0,156,155.67
RTOChowk,r1,RIGHT,2026-09-10 09:40:00,53,86,13,17,169,9,40,09:40-45,1,0,152,159.0
RTOChowk,r1,RIGHT,2026-09-10 09:45:00,52,77,9,25,163,9,45,09:45-50,1,0,169,161.33
RTOChowk,r1,RIGHT,2026-09-10 09:50:00,61,83,8,20,172,9,50,09:50-55,1,0,163,168.0
RTOChowk,r1,RIGHT,2026-09-10 09:55:00,45,77,12,14,148,9,55,09:55-00,1,0,172,161.0
RTOChowk,r1,RIGHT,2026-09-10 10:00:00,55,83,9,14,161,10,0,10:00-05,1,0,148,160.33
RTOChowk,r1,RIGHT,2026-09-10 10:05:00,50,73,8,9,140,10,5,10:05-10,1,0,161,149.67
RTOChowk,r2,UP,2026-09-10 07:05:00,41,58,6,16,121,7,5,07:05-10,0,0,128,124.5
RTOChowk,r2,UP,2026-09-10 07:10:00,51,73,11,5,140,7,10,07:10-15,0,0,121,129.67
RTOChowk,r2,UP,2026-09-10 07:15:00,54,81,11,7,153,7,15,07:15-20,0,0,140,138.0
RTOChowk,r2,UP,2026-09-10 07:20:00,50,71,12,7,140,7,20,07:20-25,0,0,153,144.33
RTOChowk,r2,UP,2026-09-10 07:25:00,39,61,9,18,127,7,25,07:25-30,0,0,140,140.0
RTOChowk,r2,UP,2026-09-10 07:30:00,46,71,9,16,142,7,30,07:30-35,0,0,127,136.33
RTOChowk,r2,UP,2026-09-10 07:35:00,45,73,10,17,145,7,35,07:35-40,0,0,142,138.0
RTOChowk,r2,UP,2026-09-10 07:40:00,43,72,7,18,140,7,40,07:40-45,0,0,145,142.33
RTOChowk,r2,UP,2026-09-10 07:45:00,45,72,13,19,149,7,45,07:45-50,0,0,140,144.67
RTOChowk,r2,UP,2026-09-10 07:50:00,44,64,8,13,129,7,50,07:50-55,0,0,149,139.33
RTOChowk,r2,UP,2026-09-10 07:55:00,42,67,7,14,130,7,55,07:55-00,0,0,129,136.0
RTOChowk,r2,UP,2026-09-10 08:00:00,75,114,16,23,228,8,0,08:00-05,1,0,130,162.33
RTOChowk,r2,UP,2026-09-10 08:05:00,73,107,13,38,231,8,5,08:05-10,1,0,228,196.33
RTOChowk,r2,UP,2026-09-10 08:10:00,78,104,15,21,218,8,10,08:10-15,1,0,231,225.67
RTOChowk,r2,UP,2026-09-10 08:15:00,87,128,21,2,238,8,15,08:15-20,1,0,218,229.0
RTOChowk,r2,UP,2026-09-10 08:20:00,92,123,18,16,249,8,20,08:20-25,1,0,238,235.0
RTOChowk,r2,UP,2026-09-10 08:25:00,85,115,17,9,226,8,25,08:25-30,1,0,249,237.67
RTOChowk,r2,UP,2026-09-10 08:30:00,69,112,15,14,210,8,30,08:30-35,1,0,226,228.33
RTOChowk,r2,UP,2026-09-10 08:35:00,95,124,21,17,257,8,35,08:35-40,1,0,210,231.0
RTOChowk,r2,UP,2026-09-10 08:40:00,62,101,17,25,205,8,40,08:40-45,1,0,257,224.0
RTOChowk,r2,UP,2026-09-10 08:45:00,83,116,21,25,245,8,45,08:45-50,1,0,205,235.67
RTOChowk,r2,UP,2026-09-10 08:50:00,73,123,12,37,245,8,50,08:50-55,1,0,245,231.67
RTOChowk,r2,UP,2026-09-10 08:55:00,94,133,21,12,260,8,55,08:55-00,1,0,245,250.0
RTOChowk,r2,UP,2026-09-10 09:00:00,78,110,19,12,219,9,0,09:00-05,1,0,260,241.33
RTOChowk,r2,UP,2026-09-10 09:05:00,80,119,20,10,229,9,5,09:05-10,1,0,219,236.0
RTOChowk,r2,UP,2026-09-10 09:10:00,73,111,12,29,225,9,10,09:10-15,1,0,229,224.33
RTOChowk,r2,UP,2026-09-10 09:15:00,78,100,15,23,216,9,15,09:15-20,1,0,225,223.33
RTOChowk,r2,UP,2026-09-10 09:20:00,71,103,16,25,215,9,20,09:20-25,1,0,216,218.67
RTOChowk,r2,UP,2026-09-10 09:25:00,66,108,16,30,220,9,25,09:25-30,1,0,215,217.0
RTOChowk,r2,UP,2026-09-10 09:30:00,73,103,14,13,203,9,30,09:30-35,1,0,220,212.67
RTOChowk,r2,UP,2026-09-10 09:35:00,67,113,19,21,220,9,35,09:35-40,1,0,203,214.33
RTOChowk,r2,UP,2026-09-10 09:40:00,75,119,19,34,247,9,40,09:40-45,1,0,220,223.33
RTOChowk,r2,UP,2026-09-10 09:45:00,80,119,18,25,242,9,45,09:45-50,1,0,247,236.33
RTOChowk,r2,UP,2026-09-10 09:50:00,68,97,16,25,206,9,50,09:50-55,1,0,242,231.67
RTOChowk,r2,UP,2026-09-10 09:55:00,85,114,12,17,228,9,55,09:55-00,1,0,206,225.33
RTOChowk,r2,UP,2026-09-10 10:00:00,75,109,13,13,210,10,0,10:00-05,1,0,228,214.67
RTOChowk,r2,DOWN,2026-09-10 07:05:00,48,71,12,10,141,7,5,07:05-10,0,0,120,130.5
RTOChowk,r2,DOWN,2026-09-10 07:10:00,50,67,12,11,140,7,10,07:10-15,0,0,141,133.67
RTOChowk,r2,DOWN,2026-09-10 07:15:00,45,68,7,14,134,7,15,07:15-20,0,0,140,138.33
RTOChowk,r2,DOWN,2026-09-10 07:20:00,54,70,8,16,148,7,20,07:20-25,0,0,134,140.67
RTOChowk,r2,DOWN,2026-09-10 07:25:00,54,77,12,4,147,7,25,07:25-30,0,0,148,143.0
RTOChowk,r2,DOWN,2026-09-10 07:30:00,52,84,11,9,156,7,30,07:30-35,0,0,147,150.33
RTOChowk,r2,DOWN,2026-09-10 07:35:00,49,65,9,16,139,7,35,07:35-40,0,0,156,147.33
RTOChowk,r2,DOWN,2026-09-10 07:40:00,44,69,10,20,143,7,40,07:40-45,0,0,139,146.0
RTOChowk,r2,DOWN,2026-09-10 07:45:00,49,80,10,12,151,7,45,07:45-50,0,0,143,144.33
RTOChowk,r2,DOWN,2026-09-10 07:50:00,48,75,10,15,148,7,50,07:50-55,0,0,151,147.33
RTOChowk,r2,DOWN,2026-09-10 07:55:00,43,63,6,19,131,7,55,07:55-00,0,0,148,143.33
RTOChowk,r2,DOWN,2026-09-10 08:00:00,69,105,17,28,219,8,0,08:00-05,1,0,131,166.0
RTOChowk,r2,DOWN,2026-09-10 08:05:00,70,92,16,19,197,8,5,08:05-10,1,0,219,182.33
RTOChowk,r2,DOWN,2026-09-10 08:10:00,77,117,14,29,237,8,10,08:10-15,1,0,197,217.67
RTOChowk,r2,DOWN,2026-09-10 08:15:00,79,109,18,10,216,8,15,08:15-20,1,0,237,216.67
RTOChowk,r2,DOWN,2026-09-10 08:20:00,76,104,13,29,222,8,20,08:20-25,1,0,216,225.0
RTOChowk,r2,DOWN,2026-09-10 08:25:00,69,107,16,38,230,8,25,08:25-30,1,0,222,222.67
RTOChowk,r2,DOWN,2026-09-10 08:30:00,76,102,14,29,221,8,30,08:30-35,1,0,230,224.33
RTOChowk,r2,DOWN,2026-09-10 08:35:00,67,98,17,14,196,8,35,08:35-40,1,0,221,215.67
RTOChowk,r2,DOWN,2026-09-10 08:40:00,74,103,13,17,207,8,40,08:40-45,1,0,196,208.0
RTOChowk,r2,DOWN,2026-09-10 08:45:00,74,119,15,22,230,8,45,08:45-50,1,0,207,211.0
RTOChowk,r2,DOWN,2026-09-10 08:50:00,83,126,17,26,252,8,50,08:50-55,1,0,230,229.67
RTOChowk,r2,DOWN,2026-09-10 08:55:00,72,109,11,17,209,8,55,08:55-00,1,0,252,230.33
RTOChowk,r2,DOWN,2026-09-10 09:00:00,66,99,11,23,199,9,0,09:00-05,1,0,209,220.0
RTOChowk,r2,DOWN,2026-09-10 09:05:00,88,132,17,10,247,9,5,09:05-10,1,0,199,218.33
RTOChowk,r2,DOWN,2026-09-10 09:10:00,69,106,15,28,218,9,10,09:10-15,1,0,247,221.33
RTOChowk,r2,DOWN,2026-09-10 09:15:00,75,110,20,34,239,9,15,09:15-20,1,0,218,234.67
RTOChowk,r2,DOWN,2026-09-10 09:20:00,77,112,15,27,231,9,20,09:20-25,1,0,239,229.33
RTOChowk,r2,DOWN,2026-09-10 09:25:00,95,130,18,25,268,9,25,09:25-30,1,0,231,246.0
RTOChowk,r2,DOWN,2026-09-10 09:30:00,87,125,14,12,238,9,30,09:30-35,1,0,268,245.67
RTOChowk,r2,DOWN,2026-09-10 09:35:00,71,110,16,19,216,9,35,09:35-40,1,0,238,240.67
RTOChowk,r2,DOWN,2026-09-10 09:40:00,76,117,14,16,223,9,40,09:40-45,1,0,216,225.67
RTOChowk,r2,DOWN,2026-09-10 09:45:00,89,117,16,19,241,9,45,09:45-50,1,0,223,226.67
RTOChowk,r2,DOWN,2026-09-10 09:50:00,74,107,15,19,215,9,50,09:50-55,1,0,241,226.33
RTOChowk,r2,DOWN,2026-09-10 09:55:00,81,107,13,30,231,9,55,09:55-00,1,0,215,229.0
RTOChowk,r2,DOWN,2026-09-10 10:00:00,76,110,18,28,232,10,0,10:00-05,1,0,231,226.0
RTOChowk,r2,LEFT,2026-09-10 07:05:00,32,51,5,16,104,7,5,07:05-10,0,0,104,104.0
RTOChowk,r2,LEFT,2026-09-10 07:10:00,34,46,5,16,101,7,10,07:10-15,0,0,104,103.0
RTOChowk,r2,LEFT,2026-09-10 07:15:00,30,50,7,12,99,7,15,07:15-20,0,0,101,101.33
RTOChowk,r2,LEFT,2026-09-10 07:20:00,39,50,7,10,106,7,20,07:20-25,0,0,99,102.0
RTOChowk,r2,LEFT,2026-09-10 07:25:00,31,52,8,12,103,7,25,07:25-30,0,0,106,102.67
RTOChowk,r2,LEFT,2026-09-10 07:30:00,32,45,8,13,98,7,30,07:30-35,0,0,103,102.33
RTOChowk,r2,LEFT,2026-09-10 07:35:00,30,50,7,9,96,7,35,07:35-40,0,0,98,99.0
RTOChowk,r2,LEFT,2026-09-10 07:40:00,28,47,6,10,91,7,40,07:40-45,0,0,96,95.0
RTOChowk,r2,LEFT,2026-09-10 07:45:00,33,44,5,11,93,7,45,07:45-50,0,0,91,93.33
RTOChowk,r2,LEFT,2026-09-10 07:50:00,30,44,4,14,92,7,50,07:50-55,0,0,93,92.0
RTOChowk,r2,LEFT,2026-09-10 07:55:00,37,49,7,10,103,7,55,07:55-00,0,0,92,96.0
RTOChowk,r2,LEFT,2026-09-10 08:00:00,53,73,11,20,157,8,0,08:00-05,1,0,103,117.33
RTOChowk,r2,LEFT,2026-09-10 08:05:00,59,76,11,19,165,8,5,08:05-10,1,0,157,141.67
RTOChowk,r2,LEFT,2026-09-10 08:10:00,59,80,14,19,172,8,10,08:10-15,1,0,165,164.67
RTOChowk,r2,LEFT,2026-09-10 08:15:00,61,90,12,8,171,8,15,08:15-20,1,0,172,169.33
RTOChowk,r2,LEFT,2026-09-10 08:20:00,51,69,8,23,151,8,20,08:20-25,1,0,171,164.67
RTOChowk,r2,LEFT,2026-09-10 08:25:00,58,84,10,9,161,8,25,08:25-30,1,0,151,161.0
RTOChowk,r2,LEFT,2026-09-10 08:30:00,51,76,7,12,146,8,30,08:30-35,1,0,161,152.67
RTOChowk,r2,LEFT,2026-09-10 08:35:00,51,71,9,21,152,8,35,08:35-40,1,0,146,153.0
RTOChowk,r2,LEFT,2026-09-10 08:40:00,55,89,9,15,168,8,40,08:40-45,1,0,152,155.33
RTOChowk,r2,LEFT,2026-09-10 08:45:00,56,80,11,8,155,8,45,08:45-50,1,0,168,158.33
RTOChowk,r2,LEFT,2026-09-10 08:50:00,57,83,10,13,163,8,50,08:50-55,1,0,155,162.0
RTOChowk,r2,LEFT,2026-09-10 08:55:00,50,79,12,22,163,8,55,08:55-00,1,0,163,160.33
RTOChowk,r2,LEFT,2026-09-10 09:00:00,53,80,9,20,162,9,0,09:00-05,1,0,163,162.67
RTOChowk,r2,LEFT,2026-09-10 09:05:00,66,95,12,12,185,9,5,09:05-10,1,0,162,170.0
RTOChowk,r2,LEFT,2026-09-10 09:10:00,56,80,9,20,165,9,10,09:10-15,1,0,185,170.67
RTOChowk,r2,LEFT,2026-09-10 09:15:00,49,72,11,18,150,9,15,09:15-20,1,0,165,166.67
RTOChowk,r2,LEFT,2026-09-10 09:20:00,57,82,10,11,160,9,20,09:20-25,1,0,150,158.33
RTOChowk,r2,LEFT,2026-09-10 09:25:00,43,72,8,17,140,9,25,09:25-30,1,0,160,150.0
RTOChowk,r2,LEFT,2026-09-10 09:30:00,54,77,12,11,154,9,30,09:30-35,1,0,140,151.33
RTOChowk,r2,LEFT,2026-09-10 09:35:00,63,79,8,18,168,9,35,09:35-40,1,0,154,154.0
RTOChowk,r2,LEFT,2026-09-10 09:40:00,56,89,8,15,168,9,40,09:40-45,1,0,168,163.33
RTOChowk,r2,LEFT,2026-09-10 09:45:00,50,79,8,29,166,9,45,09:45-50,1,0,168,167.33
RTOChowk,r2,LEFT,2026-09-10 09:50:00,47,70,10,11,138,9,50,09:50-55,1,0,166,157.33
RTOChowk,r2,LEFT,2026-09-10 09:55:00,69,93,15,7,184,9,55,09:55-00,1,0,138,162.67
RTOChowk,r2,LEFT,2026-09-10 10:00:00,54,73,12,16,155,10,0,10:00-05,1,0,184,159.0
RTOChowk,r2,RIGHT,2026-09-10 07:05:00,29,45,5,17,96,7,5,07:05-10,0,0,95,95.5
RTOChowk,r2,RIGHT,2026-09-10 07:10:00,31,46,8,15,100,7,10,07:10-15,0,0,96,97.0
RTOChowk,r2,RIGHT,2026-09-10 07:15:00,35,50,7,10,102,7,15,07:15-20,0,0,100,99.33
RTOChowk,r2,RIGHT,2026-09-10 07:20:00,28,48,5,13,94,7,20,07:20-25,0,0,102,98.67
RTOChowk,r2,RIGHT,2026-09-10 07:25:00,32,52,8,6,98,7,25,07:25-30,0,0,94,98.0
RTOChowk,r2,RIGHT,2026-09-10 07:30:00,39,54,6,15,114,7,30,07:30-35,0,0,98,102.0
RTOChowk,r2,RIGHT,2026-09-10 07:35:00,36,52,5,16,109,7,35,07:35-40,0,0,114,107.0
RTOChowk,r2,RIGHT,2026-09-10 07:40:00,31,45,8,13,97,7,40,07:40-45,0,0,109,106.67
RTOChowk,r2,RIGHT,2026-09-10 07:45:00,38,56,7,5,106,7,45,07:45-50,0,0,97,104.0
RTOChowk,r2,RIGHT,2026-09-10 07:50:00,31,43,6,4,84,7,50,07:50-55,0,0,106,95.67
RTOChowk,r2,RIGHT,2026-09-10 07:55:00,34,54,6,8,102,7,55,07:55-00,0,0,84,97.33
RTOChowk,r2,RIGHT,2026-09-10 08:00:00,43,72,7,21,143,8,0,08:00-05,1,0,102,109.67
RTOChowk,r2,RIGHT,2026-09-10 08:05:00,62,95,10,10,177,8,5,08:05-10,1,0,143,140.67
RTOChowk,r2,RIGHT,2026-09-10 08:10:00,63,82,11,13,169,8,10,08:10-15,1,0,177,163.0
RTOChowk,r2,RIGHT,2026-09-10 08:15:00,56,88,14,26,184,8,15,08:15-20,1,0,169,176.67
RTOChowk,r2,RIGHT,2026-09-10 08:20:00,50,86,14,14,164,8,20,08:20-25,1,0,184,172.33
RTOChowk,r2,RIGHT,2026-09-10 08:25:00,48,80,13,11,152,8,25,08:25-30,1,0,164,166.67
RTOChowk,r2,RIGHT,2026-09-10 08:30:00,61,84,11,8,164,8,30,08:30-35,1,0,152,160.0
RTOChowk,r2,RIGHT,2026-09-10 08:35:00,53,89,9,17,168,8,35,08:35-40,1,0,164,161.33
RTOChowk,r2,RIGHT,2026-09-10 08:40:00,62,86,10,22,180,8,40,08:40-45,1,0,168,170.67
RTOChowk,r2,RIGHT,2026-09-10 08:45:00,64,93,13,12,182,8,45,08:45-50,1,0,180,176.67
RTOChowk,r2,RIGHT,2026-09-10 08:50:00,61,92,9,16,178,8,50,08:50-55,1,0,182,180.0
RTOChowk,r2,RIGHT,2026-09-10 08:55:00,55,73,12,7,147,8,55,08:55-00,1,0,178,169.0
RTOChowk,r2,RIGHT,2026-09-10 09:00:00,55,86,14,9,164,9,0,09:00-05,1,0,147,163.0
RTOChowk,r2,RIGHT,2026-09-10 09:05:00,58,81,8,23,170,9,5,09:05-10,1,0,164,160.33
RTOChowk,r2,RIGHT,2026-09-10 09:10:00,53,82,11,12,158,9,10,09:10-15,1,0,170,164.0
RTOChowk,r2,RIGHT,2026-09-10 09:15:00,47,77,13,14,151,9,15,09:15-20,1,0,158,159.67
RTOChowk,r2,RIGHT,2026-09-10 09:20:00,54,83,12,13,162,9,20,09:20-25,1,0,151,157.0
RTOChowk,r2,RIGHT,2026-09-10 09:25:00,55,86,12,17,170,9,25,09:25-30,1,0,162,161.0
RTOChowk,r2,RIGHT,2026-09-10 09:30:00,56,78,9,20,163,9,30,09:30-35,1,0,170,165.0
RTOChowk,r2,RIGHT,2026-09-10 09:35:00,49,71,8,19,147,9,35,09:35-40,1,0,163,160.0
RTOChowk,r2,RIGHT,2026-09-10 09:40:00,54,85,13,13,165,9,40,09:40-45,1,0,147,158.33
RTOChowk,r2,RIGHT,2026-09-10 09:45:00,55,75,9,22,161,9,45,09:45-50,1,0,165,157.67
RTOChowk,r2,RIGHT,2026-09-10 09:50:00,54,79,10,26,169,9,50,09:50-55,1,0,161,165.0
RTOChowk,r2,RIGHT,2026-09-10 09:55:00,57,71,8,16,152,9,55,09:55-00,1,0,169,160.67
RTOChowk,r2,RIGHT,2026-09-10 10:00:00,52,87,11,17,167,10,0,10:00-05,1,0,152,162.67
RTOChowk,r3,UP,2026-09-10 07:05:00,47,67,10,15,139,7,5,07:05-10,0,0,159,149.0
RTOChowk,r3,UP,2026-09-10 07:10:00,46,59,8,15,128,7,10,07:10-15,0,0,139,142.0
RTOChowk,r3,UP,2026-09-10 07:15:00,50,76,9,14,149,7,15,07:15-20,0,0,128,138.67
RTOChowk,r3,UP,2026-09-10 07:20:00,42,70,6,14,132,7,20,07:20-25,0,0,149,136.33
RTOChowk,r3,UP,2026-09-10 07:25:00,55,69,13,12,149,7,25,07:25-30,0,0,132,143.33
RTOChowk,r3,UP,2026-09-10 07:30:00,45,73,11,15,144,7,30,07:30-35,0,0,149,141.67
RTOChowk,r3,UP,2026-09-10 07:35:00,53,74,10,15,152,7,35,07:35-40,0,0,144,148.33
RTOChowk,r3,UP,2026-09-10 07:40:00,44,67,10,17,138,7,40,07:40-45,0,0,152,144.67
RTOChowk,r3,UP,2026-09-10 07:45:00,37,56,9,17,119,7,45,07:45-50,0,0,138,136.33
RTOChowk,r3,UP,2026-09-10 07:50:00,48,67,7,11,133,7,50,07:50-55,0,0,119,130.0
RTOChowk,r3,UP,2026-09-10 07:55:00,48,71,9,24,152,7,55,07:55-00,0,0,133,134.67
RTOChowk,r3,UP,2026-09-10 08:00:00,71,113,15,23,222,8,0,08:00-05,1,0,152,169.0
RTOChowk,r3,UP,2026-09-10 08:05:00,77,125,17,18,237,8,5,08:05-10,1,0,222,203.67
RTOChowk,r3,UP,2026-09-10 08:10:00,72,114,19,36,241,8,10,08:10-15,1,0,237,233.33
RTOChowk,r3,UP,2026-09-10 08:15:00,83,113,17,9,222,8,15,08:15-20,1,0,241,233.33
RTOChowk,r3,UP,2026-09-10 08:20:00,71,109,19,35,234,8,20,08:20-25,1,0,222,232.33
RTOChowk,r3,UP,2026-09-10 08:25:00,69,115,15,31,230,8,25,08:25-30,1,0,234,228.67
RTOChowk,r3,UP,2026-09-10 08:30:00,70,108,17,31,226,8,30,08:30-35,1,0,230,230.0
RTOChowk,r3,UP,2026-09-10 08:35:00,71,116,13,19,219,8,35,08:35-40,1,0,226,225.0
RTOChowk,r3,UP,2026-09-10 08:40:00,80,103,11,26,220,8,40,08:40-45,1,0,219,221.67
RTOChowk,r3,UP,2026-09-10 08:45:00,91,126,15,15,247,8,45,08:45-50,1,0,220,228.67
RTOChowk,r3,UP,2026-09-10 08:50:00,58,92,12,21,183,8,50,08:50-55,1,0,247,216.67
RTOChowk,r3,UP,2026-09-10 08:55:00,82,124,13,13,232,8,55,08:55-00,1,0,183,220.67
RTOChowk,r3,UP,2026-09-10 09:00:00,71,105,14,17,207,9,0,09:00-05,1,0,232,207.33
RTOChowk,r3,UP,2026-09-10 09:05:00,68,108,13,23,212,9,5,09:05-10,1,0,207,217.0
RTOChowk,r3,UP,2026-09-10 09:10:00,65,98,11,24,198,9,10,09:10-15,1,0,212,205.67
RTOChowk,r3,UP,2026-09-10 09:15:00,65,105,18,30,218,9,15,09:15-20,1,0,198,209.33
RTOChowk,r3,UP,2026-09-10 09:20:00,70,116,20,28,234,9,20,09:20-25,1,0,218,216.67
RTOChowk,r3,UP,2026-09-10 09:25:00,72,114,10,17,213,9,25,09:25-30,1,0,234,221.67
RTOChowk,r3,UP,2026-09-10 09:30:00,64,101,13,35,213,9,30,09:30-35,1,0,213,220.0
RTOChowk,r3,UP,2026-09-10 09:35:00,79,113,15,24,231,9,35,09:35-40,1,0,213,219.0
RTOChowk,r3,UP,2026-09-10 09:40:00,78,117,14,30,239,9,40,09:40-45,1,0,231,227.67
RTOChowk,r3,UP,2026-09-10 09:45:00,78,121,19,29,247,9,45,09:45-50,1,0,239,239.0
RTOChowk,r3,UP,2026-09-10 09:50:00,80,128,19,22,249,9,50,09:50-55,1,0,247,245.0
RTOChowk,r3,UP,2026-09-10 09:55:00,69,110,17,14,210,9,55,09:55-00,1,0,249,235.33
RTOChowk,r3,UP,2026-09-10 10:00:00,80,118,14,19,231,10,0,10:00-05,1,0,210,230.0
RTOChowk,r3,DOWN,2026-09-10 07:05:00,46,71,9,25,151,7,5,07:05-10,0,0,147,149.0
RTOChowk,r3,DOWN,2026-09-10 07:10:00,51,74,8,11,144,7,10,07:10-15,0,0,151,147.33
RTOChowk,r3,DOWN,2026-09-10 07:15:00,47,71,11,17,146,7,15,07:15-20,0,0,144,147.0
RTOChowk,r3,DOWN,2026-09-10 07:20:00,50,80,12,7,149,7,20,07:20-25,0,0,146,146.33
RTOChowk,r3,DOWN,2026-09-10 07:25:00,39,70,10,12,131,7,25,07:25-30,0,0,149,142.0
RTOChowk,r3,DOWN,2026-09-10 07:30:00,52,72,8,24,156,7,30,07:30-35,0,0,131,145.33
RTOChowk,r3,DOWN,2026-09-10 07:35:00,46,78,12,14,150,7,35,07:35-40,0,0,156,145.67
RTOChowk,r3,DOWN,2026-09-10 07:40:00,45,59,8,13,125,7,40,07:40-45,0,0,150,143.67
RTOChowk,r3,DOWN,2026-09-10 07:45:00,50,69,9,12,140,7,45,07:45-50,0,0,125,138.33
RTOChowk,r3,DOWN,2026-09-10 07:50:00,46,73,10,8,137,7,50,07:50-55,0,0,140,134.0
RTOChowk,r3,DOWN,2026-09-10 07:55:00,41,69,11,15,136,7,55,07:55-00,0,0,137,137.67
RTOChowk,r3,DOWN,2026-09-10 08:00:00,76,119,17,26,238,8,0,08:00-05,1,0,136,170.33
RTOChowk,r3,DOWN,2026-09-10 08:05:00,74,124,12,26,236,8,5,08:05-10,1,0,238,203.33
RTOChowk,r3,DOWN,2026-09-10 08:10:00,83,131,14,29,257,8,10,08:10-15,1,0,236,243.67
RTOChowk,r3,DOWN,2026-09-10 08:15:00,67,117,11,29,224,8,15,08:15-20,1,0,257,239.0
RTOChowk,r3,DOWN,2026-09-10 08:20:00,78,121,17,17,233,8,20,08:20-25,1,0,224,238.0
RTOChowk,r3,DOWN,2026-09-10 08:25:00,67,103,16,34,220,8,25,08:25-30,1,0,233,225.67
RTOChowk,r3,DOWN,2026-09-10 08:30:00,87,122,17,4,230,8,30,08:30-35,1,0,220,227.67
RTOChowk,r3,DOWN,2026-09-10 08:35:00,89,126,13,18,246,8,35,08:35-40,1,0,230,232.0
RTOChowk,r3,DOWN,2026-09-10 08:40:00,88,111,19,16,234,8,40,08:40-45,1,0,246,236.67
RTOChowk,r3,DOWN,2026-09-10 08:45:00,71,111,17,27,226,8,45,08:45-50,1,0,234,235.33
RTOChowk,r3,DOWN,2026-09-10 08:50:00,61,96,16,24,197,8,50,08:50-55,1,0,226,219.0
RTOChowk,r3,DOWN,2026-09-10 08:55:00,73,100,11,24,208,8,55,08:55-00,1,0,197,210.33
RTOChowk,r3,DOWN,2026-09-10 09:00:00,74,107,18,28,227,9,0,09:00-05,1,0,208,210.67
RTOChowk,r3,DOWN,2026-09-10 09:05:00,75,117,11,17,220,9,5,09:05-10,1,0,227,218.33
RTOChowk,r3,DOWN,2026-09-10 09:10:00,82,120,15,38,255,9,10,09:10-15,1,0,220,234.0
RTOChowk,r3,DOWN,2026-09-10 09:15:00,74,114,12,25,225,9,15,09:15-20,1,0,255,233.33
RTOChowk,r3,DOWN,2026-09-10 09:20:00,83,104,18,21,226,9,20,09:20-25,1,0,225,235.33
RTOChowk,r3,DOWN,2026-09-10 09:25:00,77,116,14,20,227,9,25,09:25-30,1,0,226,226.0
RTOChowk,r3,DOWN,2026-09-10 09:30:00,84,125,18,23,250,9,30,09:30-35,1,0,227,234.33
RTOChowk,r3,DOWN,2026-09-10 09:35:00,66,109,15,25,215,9,35,09:35-40,1,0,250,230.67
RTOChowk,r3,DOWN,2026-09-10 09:40:00,79,100,11,26,216,9,40,09:40-45,1,0,215,227.0
RTOChowk,r3,DOWN,2026-09-10 09:45:00,71,116,16,30,233,9,45,09:45-50,1,0,216,221.33
RTOChowk,r3,DOWN,2026-09-10 09:50:00,76,114,15,13,218,9,50,09:50-55,1,0,233,222.33
RTOChowk,r3,DOWN,2026-09-10 09:55:00,77,108,11,26,222,9,55,09:55-00,1,0,218,224.33
RTOChowk,r3,DOWN,2026-09-10 10:00:00,67,114,14,19,214,10,0,10:00-05,1,0,222,218.0
RTOChowk,r3,LEFT,2026-09-10 07:05:00,32,52,6,9,99,7,5,07:05-10,0,0,103,101.0
RTOChowk,r3,LEFT,2026-09-10 07:10:00,29,46,5,17,97,7,10,07:10-15,0,0,99,99.67
RTOChowk,r3,LEFT,2026-09-10 07:15:00,33,42,7,6,88,7,15,07:15-20,0,0,97,94.67
RTOChowk,r3,LEFT,2026-09-10 07:20:00,34,55,7,14,110,7,20,07:20-25,0,0,88,98.33
RTOChowk,r3,LEFT,2026-09-10 07:25:00,37,51,6,13,107,7,25,07:25-30,0,0,110,101.67
RTOChowk,r3,LEFT,2026-09-10 07:30:00,35,47,6,13,101,7,30,07:30-35,0,0,107,106.0
RTOChowk,r3,LEFT,2026-09-10 07:35:00,32,46,7,8,93,7,35,07:35-40,0,0,101,100.33
RTOChowk,r3,LEFT,2026-09-10 07:40:00,33,50,5,15,103,7,40,07:40-45,0,0,93,99.0
RTOChowk,r3,LEFT,2026-09-10 07:45:00,35,56,6,8,105,7,45,07:45-50,0,0,103,100.33
RTOChowk,r3,LEFT,2026-09-10 07:50:00,30,44,7,11,92,7,50,07:50-55,0,0,105,100.0
RTOChowk,r3,LEFT,2026-09-10 07:55:00,43,59,8,11,121,7,55,07:55-00,0,0,92,106.0
RTOChowk,r3,LEFT,2026-09-10 08:00:00,57,80,9,9,155,8,0,08:00-05,1,0,121,122.67
RTOChowk,r3,LEFT,2026-09-10 08:05:00,53,85,10,11,159,8,5,08:05-10,1,0,155,145.0
RTOChowk,r3,LEFT,2026-09-10 08:10:00,53,79,14,11,157,8,10,08:10-15,1,0,159,157.0
RTOChowk,r3,LEFT,2026-09-10 08:15:00,42,62,7,19,130,8,15,08:15-20,1,0,157,148.67
RTOChowk,r3,LEFT,2026-09-10 08:20:00,58,86,10,10,164,8,20,08:20-25,1,0,130,150.33
RTOChowk,r3,LEFT,2026-09-10 08:25:00,55,80,13,12,160,8,25,08:25-30,1,0,164,151.33
RTOChowk,r3,LEFT,2026-09-10 08:30:00,51,80,10,23,164,8,30,08:30-35,1,0,160,162.67
RTOChowk,r3,LEFT,2026-09-10 08:35:00,52,83,13,17,165,8,35,08:35-40,1,0,164,163.0
RTOChowk,r3,LEFT,2026-09-10 08:40:00,61,91,13,7,172,8,40,08:40-45,1,0,165,167.0
RTOChowk,r3,LEFT,2026-09-10 08:45:00,53,88,14,14,169,8,45,08:45-50,1,0,172,168.67
RTOChowk,r3,LEFT,2026-09-10 08:50:00,54,83,9,11,157,8,50,08:50-55,1,0,169,166.0
RTOChowk,r3,LEFT,2026-09-10 08:55:00,51,76,7,14,148,8,55,08:55-00,1,0,157,158.0
RTOChowk,r3,LEFT,2026-09-10 09:00:00,66,88,12,15,181,9,0,09:00-05,1,0,148,162.0
RTOChowk,r3,LEFT,2026-09-10 09:05:00,62,89,9,9,169,9,5,09:05-10,1,0,181,166.0
RTOChowk,r3,LEFT,2026-09-10 09:10:00,55,70,9,19,153,9,10,09:10-15,1,0,169,167.67
RTOChowk,r3,LEFT,2026-09-10 09:15:00,45,72,10,23,150,9,15,09:15-20,1,0,153,157.33
RTOChowk,r3,LEFT,2026-09-10 09:20:00,51,81,13,25,170,9,20,09:20-25,1,0,150,157.67
RTOChowk,r3,LEFT,2026-09-10 09:25:00,58,85,12,18,173,9,25,09:25-30,1,0,170,164.33
RTOChowk,r3,LEFT,2026-09-10 09:30:00,51,74,8,21,154,9,30,09:30-35,1,0,173,165.67
RTOChowk,r3,LEFT,2026-09-10 09:35:00,56,75,8,23,162,9,35,09:35-40,1,0,154,163.0
RTOChowk,r3,LEFT,2026-09-10 09:40:00,57,79,8,14,158,9,40,09:40-45,1,0,162,158.0
RTOChowk,r3,LEFT,2026-09-10 09:45:00,56,77,11,21,165,9,45,09:45-50,1,0,158,161.67
RTOChowk,r3,LEFT,2026-09-10 09:50:00,56,80,9,13,158,9,50,09:50-55,1,0,165,160.33
RTOChowk,r3,LEFT,2026-09-10 09:55:00,56,72,9,19,156,9,55,09:55-00,1,0,158,159.67
RTOChowk,r3,LEFT,2026-09-10 10:00:00,55,85,10,17,167,10,0,10:00-05,1,0,156,160.33
RTOChowk,r3,RIGHT,2026-09-10 07:05:00,35,47,6,6,94,7,5,07:05-10,0,0,99,96.5
RTOChowk,r3,RIGHT,2026-09-10 07:10:00,36,56,9,19,120,7,10,07:10-15,0,0,94,104.33
RTOChowk,r3,RIGHT,2026-09-10 07:15:00,37,53,5,8,103,7,15,07:15-20,0,0,120,105.67
RTOChowk,r3,RIGHT,2026-09-10 07:20:00,40,49,9,9,107,7,20,07:20-25,0,0,103,110.0
RTOChowk,r3,RIGHT,2026-09-10 07:25:00,39,50,5,16,110,7,25,07:25-30,0,0,107,106.67
RTOChowk,r3,RIGHT,2026-09-10 07:30:00,27,45,5,14,91,7,30,07:30-35,0,0,110,102.67
RTOChowk,r3,RIGHT,2026-09-10 07:35:00,30,48,6,12,96,7,35,07:35-40,0,0,91,99.0
RTOChowk,r3,RIGHT,2026-09-10 07:40:00,31,51,7,11,100,7,40,07:40-45,0,0,96,95.67
RTOChowk,r3,RIGHT,2026-09-10 07:45:00,33,56,6,15,110,7,45,07:45-50,0,0,100,102.0
RTOChowk,r3,RIGHT,2026-09-10 07:50:00,37,49,7,9,102,7,50,07:50-55,0,0,110,104.0
RTOChowk,r3,RIGHT,2026-09-10 07:55:00,36,50,6,18,110,7,55,07:55-00,0,0,102,107.33
RTOChowk,r3,RIGHT,2026-09-10 08:00:00,59,88,14,7,168,8,0,08:00-05,1,0,110,126.67
RTOChowk,r3,RIGHT,2026-09-10 08:05:00,58,94,12,21,185,8,5,08:05-10,1,0,168,154.33
RTOChowk,r3,RIGHT,2026-09-10 08:10:00,50,88,10,17,165,8,10,08:10-15,1,0,185,172.67
RTOChowk,r3,RIGHT,2026-09-10 08:15:00,58,81,11,22,172,8,15,08:15-20,1,0,165,174.0
RTOChowk,r3,RIGHT,2026-09-10 08:20:00,45,81,9,17,152,8,20,08:20-25,1,0,172,163.0
RTOChowk,r3,RIGHT,2026-09-10 08:25:00,47,74,9,22,152,8,25,08:25-30,1,0,152,158.67
RTOChowk,r3,RIGHT,2026-09-10 08:30:00,56,78,9,17,160,8,30,08:30-35,1,0,152,154.67
RTOChowk,r3,RIGHT,2026-09-10 08:35:00,61,92,14,9,176,8,35,08:35-40,1,0,160,162.67
RTOChowk,r3,RIGHT,2026-09-10 08:40:00,58,84,8,10,160,8,40,08:40-45,1,0,176,165.33
RTOChowk,r3,RIGHT,2026-09-10 08:45:00,57,72,11,14,154,8,45,08:45-50,1,0,160,163.33
RTOChowk,r3,RIGHT,2026-09-10 08:50:00,52,74,14,19,159,8,50,08:50-55,1,0,154,157.67
RTOChowk,r3,RIGHT,2026-09-10 08:55:00,47,71,8,24,150,8,55,08:55-00,1,0,159,154.33
RTOChowk,r3,RIGHT,2026-09-10 09:00:00,56,81,9,6,152,9,0,09:00-05,1,0,150,153.67
RTOChowk,r3,RIGHT,2026-09-10 09:05:00,53,73,12,17,155,9,5,09:05-10,1,0,152,152.33
RTOChowk,r3,RIGHT,2026-09-10 09:10:00,51,84,12,13,160,9,10,09:10-15,1,0,155,155.67
RTOChowk,r3,RIGHT,2026-09-10 09:15:00,58,84,8,6,156,9,15,09:15-20,1,0,160,157.0
RTOChowk,r3,RIGHT,2026-09-10 09:20:00,60,86,10,5,161,9,20,09:20-25,1,0,156,159.0
RTOChowk,r3,RIGHT,2026-09-10 09:25:00,44,63,11,18,136,9,25,09:25-30,1,0,161,151.0
RTOChowk,r3,RIGHT,2026-09-10 09:30:00,55,79,13,6,153,9,30,09:30-35,1,0,136,150.0
RTOChowk,r3,RIGHT,2026-09-10 09:35:00,56,75,13,8,152,9,35,09:35-40,1,0,153,147.0
RTOChowk,r3,RIGHT,2026-09-10 09:40:00,54,89,13,12,168,9,40,09:40-45,1,0,152,157.67
RTOChowk,r3,RIGHT,2026-09-10 09:45:00,58,87,10,13,168,9,45,09:45-50,1,0,168,162.67
RTOChowk,r3,RIGHT,2026-09-10 09:50:00,53,84,9,21,167,9,50,09:50-55,1,0,168,167.67
RTOChowk,r3,RIGHT,2026-09-10 09:55:00,53,81,11,13,158,9,55,09:55-00,1,0,167,164.33
RTOChowk,r3,RIGHT,2026-09-10 10:00:00,54,77,9,12,152,10,0,10:00-05,1,0,158,159.0
